"Target_Symbol"	"Target_ID"	"Target_Name"	"Associated_Disease_Count"	"Tractability_Count"	"sm_approved"	"sm_advancedClinical"	"sm_phase1"	"ab_approved"	"ab_advancedClinical"	"ab_phase1"	"pr_approved"	"pr_advancedClinical"	"pr_phase1"	"oc_approved"	"oc_advancedClinical"	"oc_phase1"	"Subcellular_Location"	"Safety_Liabilities"	"Number_Unique_Drugs"	"Target_in_Pathways"	"num_Approved_Drugs"	"num_Phase3"	"num_Phase2"	"num_Phase1"	"num_Phase4"	"Weighted_Score"
"TP53"	"ENSG00000141510"	"tumor protein p53"	3113	5	"FALSE"	"TRUE"	"FALSE"	"FALSE"	"FALSE"	"FALSE"	"FALSE"	"FALSE"	"FALSE"	"FALSE"	"TRUE"	"FALSE"	"Cytoplasm"	1	9	21	0	2	3	0	0	3152
"EGFR"	"ENSG00000146648"	"epidermal growth factor receptor"	2422	7	"TRUE"	"FALSE"	"FALSE"	"TRUE"	"FALSE"	"FALSE"	"FALSE"	"FALSE"	"FALSE"	"FALSE"	"TRUE"	"FALSE"	"Cell membrane"	1	77	26	5	0	0	0	5	2545
"AKT1"	"ENSG00000142208"	"AKT serine/threonine kinase 1"	2261	6	"FALSE"	"TRUE"	"FALSE"	"FALSE"	"FALSE"	"FALSE"	"FALSE"	"FALSE"	"FALSE"	"FALSE"	"FALSE"	"FALSE"	"Cytoplasm"	1	14	27	1	1	3	0	1	2313.5
"PIK3CA"	"ENSG00000121879"	"phosphatidylinositol-4,5-bisphosphate 3-kinase catalytic subunit alpha"	2215	5	"TRUE"	"FALSE"	"FALSE"	"FALSE"	"FALSE"	"FALSE"	"FALSE"	"FALSE"	"FALSE"	"FALSE"	"FALSE"	"FALSE"	"Cytosol"	1	31	27	3	2	0	0	3	2288
"PIK3CB"	"ENSG00000051382"	"phosphatidylinositol-4,5-bisphosphate 3-kinase catalytic subunit beta"	2158	3	"FALSE"	"TRUE"	"FALSE"	"FALSE"	"FALSE"	"FALSE"	"FALSE"	"FALSE"	"FALSE"	"FALSE"	"FALSE"	"FALSE"	"Cytoplasm"	0	28	27	0	4	1	0	0	2223
"PIK3CD"	"ENSG00000171608"	"phosphatidylinositol-4,5-bisphosphate 3-kinase catalytic subunit delta"	2042	4	"TRUE"	"FALSE"	"FALSE"	"FALSE"	"FALSE"	"FALSE"	"FALSE"	"FALSE"	"FALSE"	"FALSE"	"FALSE"	"FALSE"	"Cytoplasm"	0	46	27	5	0	0	0	5	2134
"PIK3CG"	"ENSG00000105851"	"phosphatidylinositol-4,5-bisphosphate 3-kinase catalytic subunit gamma"	2020	6	"TRUE"	"FALSE"	"FALSE"	"FALSE"	"FALSE"	"FALSE"	"FALSE"	"FALSE"	"FALSE"	"FALSE"	"FALSE"	"FALSE"	"Cytoplasm"	1	29	27	2	3	0	0	2	2090.5
"MAPK1"	"ENSG00000100030"	"mitogen-activated protein kinase 1"	1850	5	"FALSE"	"TRUE"	"FALSE"	"FALSE"	"FALSE"	"FALSE"	"FALSE"	"FALSE"	"FALSE"	"FALSE"	"FALSE"	"FALSE"	"Cytoplasm"	1	5	27	0	0	3	2	0	1889
"PPARG"	"ENSG00000132170"	"peroxisome proliferator activated receptor gamma"	1681	5	"TRUE"	"FALSE"	"FALSE"	"FALSE"	"FALSE"	"FALSE"	"FALSE"	"FALSE"	"FALSE"	"FALSE"	"FALSE"	"FALSE"	"Nucleus"	1	35	25	5	0	0	0	5	1759
"CSF2"	"ENSG00000164400"	"colony stimulating factor 2"	1550	2	"FALSE"	"FALSE"	"FALSE"	"FALSE"	"TRUE"	"FALSE"	"FALSE"	"FALSE"	"FALSE"	"FALSE"	"TRUE"	"FALSE"	"Secreted"	0	6	23	0	3	2	0	0	1587.5
"FGFR2"	"ENSG00000066468"	"fibroblast growth factor receptor 2"	1521	6	"TRUE"	"FALSE"	"FALSE"	"FALSE"	"TRUE"	"FALSE"	"FALSE"	"FALSE"	"FALSE"	"TRUE"	"FALSE"	"FALSE"	"Cell membrane"	0	27	4	5	0	0	0	5	1573
"BRAF"	"ENSG00000157764"	"B-Raf proto-oncogene, serine/threonine kinase"	1505	6	"TRUE"	"FALSE"	"FALSE"	"FALSE"	"FALSE"	"FALSE"	"FALSE"	"FALSE"	"FALSE"	"FALSE"	"FALSE"	"FALSE"	"Nucleus"	1	18	27	5	0	0	0	5	1569
"JAK2"	"ENSG00000096968"	"Janus kinase 2"	1428	5	"TRUE"	"FALSE"	"FALSE"	"FALSE"	"FALSE"	"FALSE"	"FALSE"	"FALSE"	"FALSE"	"FALSE"	"FALSE"	"FALSE"	"Endomembrane system"	1	28	27	5	0	0	0	5	1501
"CXCR4"	"ENSG00000121966"	"C-X-C motif chemokine receptor 4"	1427	7	"TRUE"	"FALSE"	"FALSE"	"FALSE"	"TRUE"	"FALSE"	"FALSE"	"FALSE"	"FALSE"	"FALSE"	"TRUE"	"FALSE"	"Cell membrane"	0	7	27	1	3	1	0	1	1476.5
"PDGFRB"	"ENSG00000113721"	"platelet derived growth factor receptor beta"	1364	4	"TRUE"	"FALSE"	"FALSE"	"FALSE"	"TRUE"	"FALSE"	"FALSE"	"FALSE"	"FALSE"	"TRUE"	"FALSE"	"FALSE"	"Cell membrane"	1	43	26	5	0	0	0	5	1450
"CEACAM5"	"ENSG00000105388"	"CEA cell adhesion molecule 5"	1302	3	"FALSE"	"FALSE"	"FALSE"	"TRUE"	"FALSE"	"FALSE"	"FALSE"	"FALSE"	"FALSE"	"FALSE"	"TRUE"	"FALSE"	"Cell membrane"	0	5	24	1	1	2	1	1	1341
"MAPK3"	"ENSG00000102882"	"mitogen-activated protein kinase 3"	1283	4	"FALSE"	"TRUE"	"FALSE"	"FALSE"	"FALSE"	"FALSE"	"FALSE"	"FALSE"	"FALSE"	"FALSE"	"FALSE"	"FALSE"	"Cytoplasm"	1	5	27	0	0	3	2	0	1321
"PDGFRA"	"ENSG00000134853"	"platelet derived growth factor receptor alpha"	1215	6	"TRUE"	"FALSE"	"FALSE"	"TRUE"	"FALSE"	"FALSE"	"FALSE"	"FALSE"	"FALSE"	"TRUE"	"FALSE"	"FALSE"	"Cell membrane"	0	33	26	5	0	0	0	5	1295
"PPARA"	"ENSG00000186951"	"peroxisome proliferator activated receptor alpha"	1205	5	"TRUE"	"FALSE"	"FALSE"	"FALSE"	"FALSE"	"FALSE"	"FALSE"	"FALSE"	"FALSE"	"FALSE"	"FALSE"	"FALSE"	"Nucleus"	1	25	25	5	0	0	0	5	1273
"CCR2"	"ENSG00000121807"	"C-C motif chemokine receptor 2"	1151	6	"FALSE"	"TRUE"	"FALSE"	"FALSE"	"TRUE"	"FALSE"	"FALSE"	"FALSE"	"FALSE"	"FALSE"	"TRUE"	"FALSE"	"Cell membrane"	0	10	27	0	1	4	0	0	1199.5
"BTK"	"ENSG00000010671"	"Bruton tyrosine kinase"	1072	6	"TRUE"	"FALSE"	"FALSE"	"FALSE"	"FALSE"	"FALSE"	"FALSE"	"FALSE"	"TRUE"	"FALSE"	"FALSE"	"FALSE"	"Cytoplasm"	1	23	6	5	0	0	0	5	1120
"CDK4"	"ENSG00000135446"	"cyclin dependent kinase 4"	1031	5	"TRUE"	"FALSE"	"FALSE"	"FALSE"	"FALSE"	"FALSE"	"FALSE"	"FALSE"	"FALSE"	"FALSE"	"FALSE"	"FALSE"	"Cytoplasm"	0	17	16	5	0	0	0	5	1084
"CACNA1A"	"ENSG00000141837"	"calcium voltage-gated channel subunit alpha1 A"	1028	5	"TRUE"	"FALSE"	"FALSE"	"FALSE"	"FALSE"	"FALSE"	"FALSE"	"FALSE"	"FALSE"	"FALSE"	"FALSE"	"FALSE"	"Cell membrane"	0	6	28	4	1	0	0	4	1080.5
"CXCR2"	"ENSG00000180871"	"C-X-C motif chemokine receptor 2"	1019	4	"FALSE"	"TRUE"	"FALSE"	"FALSE"	"FALSE"	"FALSE"	"FALSE"	"FALSE"	"FALSE"	"FALSE"	"FALSE"	"FALSE"	"Cell membrane"	0	6	27	0	2	3	0	0	1062
"JAK1"	"ENSG00000162434"	"Janus kinase 1"	958	4	"TRUE"	"FALSE"	"FALSE"	"FALSE"	"FALSE"	"FALSE"	"FALSE"	"FALSE"	"FALSE"	"FALSE"	"FALSE"	"FALSE"	"Endomembrane system"	0	22	23	5	0	0	0	5	1022
"DRD2"	"ENSG00000149295"	"dopamine receptor D2"	839	5	"TRUE"	"FALSE"	"FALSE"	"FALSE"	"FALSE"	"FALSE"	"FALSE"	"FALSE"	"FALSE"	"TRUE"	"FALSE"	"FALSE"	"Cell membrane"	1	98	26	5	0	0	0	5	981
"TUBB4A"	"ENSG00000104833"	"tubulin beta 4A class IVa"	855	3	"TRUE"	"FALSE"	"FALSE"	"FALSE"	"FALSE"	"FALSE"	"FALSE"	"FALSE"	"FALSE"	"TRUE"	"FALSE"	"FALSE"	"Cytoplasm"	0	64	26	5	0	0	0	5	963
"CCR5"	"ENSG00000160791"	"C-C motif chemokine receptor 5"	906	6	"TRUE"	"FALSE"	"FALSE"	"FALSE"	"TRUE"	"FALSE"	"FALSE"	"FALSE"	"FALSE"	"FALSE"	"FALSE"	"FALSE"	"Cell membrane"	0	14	27	1	4	0	0	1	962
"JAK3"	"ENSG00000105639"	"Janus kinase 3"	896	5	"TRUE"	"FALSE"	"FALSE"	"FALSE"	"FALSE"	"FALSE"	"FALSE"	"FALSE"	"FALSE"	"FALSE"	"FALSE"	"FALSE"	"Endomembrane system"	0	18	27	5	0	0	0	5	961
"PIK3R1"	"ENSG00000145675"	"phosphoinositide-3-kinase regulatory subunit 1"	845	5	"FALSE"	"TRUE"	"FALSE"	"FALSE"	"FALSE"	"FALSE"	"FALSE"	"FALSE"	"FALSE"	"FALSE"	"FALSE"	"FALSE"	"Cytosol"	1	23	27	0	4	1	0	0	905
"ADRA1A"	"ENSG00000120907"	"adrenoceptor alpha 1A"	814	5	"TRUE"	"FALSE"	"FALSE"	"FALSE"	"FALSE"	"FALSE"	"FALSE"	"FALSE"	"FALSE"	"TRUE"	"FALSE"	"FALSE"	"Nucleus membrane"	1	62	6	5	0	0	0	5	900
"SYK"	"ENSG00000165025"	"spleen associated tyrosine kinase"	842	6	"TRUE"	"FALSE"	"FALSE"	"FALSE"	"FALSE"	"FALSE"	"FALSE"	"FALSE"	"FALSE"	"FALSE"	"FALSE"	"FALSE"	"Cell membrane"	1	12	23	2	2	1	0	2	891
"MAP2K1"	"ENSG00000169032"	"mitogen-activated protein kinase kinase 1"	795	6	"TRUE"	"FALSE"	"FALSE"	"FALSE"	"FALSE"	"FALSE"	"FALSE"	"FALSE"	"FALSE"	"FALSE"	"FALSE"	"FALSE"	"Cytoplasm"	0	18	27	5	0	0	0	5	861
"TUBB3"	"ENSG00000258947"	"tubulin beta 3 class III"	697	4	"TRUE"	"FALSE"	"FALSE"	"FALSE"	"FALSE"	"FALSE"	"FALSE"	"FALSE"	"FALSE"	"TRUE"	"FALSE"	"FALSE"	"Cytoplasm"	0	64	26	5	0	0	0	5	806
"ADRA1D"	"ENSG00000171873"	"adrenoceptor alpha 1D"	707	3	"TRUE"	"FALSE"	"FALSE"	"FALSE"	"FALSE"	"FALSE"	"FALSE"	"FALSE"	"FALSE"	"TRUE"	"FALSE"	"FALSE"	"Cell membrane"	0	58	6	5	0	0	0	5	789
"AKT2"	"ENSG00000105221"	"AKT serine/threonine kinase 2"	706	5	"FALSE"	"TRUE"	"FALSE"	"FALSE"	"FALSE"	"FALSE"	"FALSE"	"FALSE"	"FALSE"	"FALSE"	"FALSE"	"FALSE"	"Cytoplasm"	1	13	27	1	1	3	0	1	756.5
"GABRG2"	"ENSG00000113327"	"gamma-aminobutyric acid type A receptor subunit gamma2"	643	5	"TRUE"	"FALSE"	"FALSE"	"FALSE"	"FALSE"	"FALSE"	"FALSE"	"FALSE"	"FALSE"	"FALSE"	"FALSE"	"FALSE"	"Postsynaptic cell membrane"	1	46	28	5	0	0	0	5	735
"RXRA"	"ENSG00000186350"	"retinoid X receptor alpha"	681	5	"TRUE"	"FALSE"	"FALSE"	"FALSE"	"FALSE"	"FALSE"	"FALSE"	"FALSE"	"FALSE"	"FALSE"	"FALSE"	"FALSE"	"Nucleus"	1	7	25	5	0	0	0	5	731
"TUBB"	"ENSG00000196230"	"tubulin beta class I"	621	4	"TRUE"	"FALSE"	"FALSE"	"FALSE"	"FALSE"	"FALSE"	"FALSE"	"FALSE"	"FALSE"	"TRUE"	"FALSE"	"FALSE"	"Cytoplasm"	0	64	26	5	0	0	0	5	730
"TUBB1"	"ENSG00000101162"	"tubulin beta 1 class VI"	611	3	"TRUE"	"FALSE"	"FALSE"	"FALSE"	"FALSE"	"FALSE"	"FALSE"	"FALSE"	"FALSE"	"TRUE"	"FALSE"	"FALSE"	"Cytoplasm"	0	64	26	5	0	0	0	5	719
"TUBB4B"	"ENSG00000188229"	"tubulin beta 4B class IVb"	605	4	"TRUE"	"FALSE"	"FALSE"	"FALSE"	"FALSE"	"FALSE"	"FALSE"	"FALSE"	"FALSE"	"TRUE"	"FALSE"	"FALSE"	"Cytoplasm"	0	64	26	5	0	0	0	5	714
"OPRM1"	"ENSG00000112038"	"opioid receptor mu 1"	584	5	"TRUE"	"FALSE"	"FALSE"	"FALSE"	"FALSE"	"FALSE"	"FALSE"	"FALSE"	"FALSE"	"FALSE"	"TRUE"	"FALSE"	"Cell membrane"	1	79	28	5	0	0	0	5	709
"HDAC1"	"ENSG00000116478"	"histone deacetylase 1"	667	3	"TRUE"	"FALSE"	"FALSE"	"FALSE"	"FALSE"	"FALSE"	"FALSE"	"FALSE"	"FALSE"	"TRUE"	"FALSE"	"FALSE"	"Nucleus"	1	12	10	5	0	0	0	5	705
"HDAC2"	"ENSG00000196591"	"histone deacetylase 2"	662	5	"TRUE"	"FALSE"	"FALSE"	"FALSE"	"FALSE"	"FALSE"	"FALSE"	"FALSE"	"FALSE"	"TRUE"	"FALSE"	"FALSE"	"Nucleus"	0	12	10	5	0	0	0	5	704
"TUBB2A"	"ENSG00000137267"	"tubulin beta 2A class IIa"	565	4	"TRUE"	"FALSE"	"FALSE"	"FALSE"	"FALSE"	"FALSE"	"FALSE"	"FALSE"	"FALSE"	"TRUE"	"FALSE"	"FALSE"	"Cytoplasm"	0	64	26	5	0	0	0	5	674
"CDK1"	"ENSG00000170312"	"cyclin dependent kinase 1"	627	4	"FALSE"	"TRUE"	"FALSE"	"FALSE"	"FALSE"	"FALSE"	"FALSE"	"FALSE"	"FALSE"	"FALSE"	"FALSE"	"FALSE"	"Nucleus"	1	12	26	0	2	3	0	0	673
"TUBB2B"	"ENSG00000137285"	"tubulin beta 2B class IIb"	553	4	"TRUE"	"FALSE"	"FALSE"	"FALSE"	"FALSE"	"FALSE"	"FALSE"	"FALSE"	"FALSE"	"TRUE"	"FALSE"	"FALSE"	"Cytoplasm"	0	64	26	5	0	0	0	5	662
"TUBB6"	"ENSG00000176014"	"tubulin beta 6 class V"	541	3	"TRUE"	"FALSE"	"FALSE"	"FALSE"	"FALSE"	"FALSE"	"FALSE"	"FALSE"	"FALSE"	"TRUE"	"FALSE"	"FALSE"	"Cytoplasm"	0	64	26	5	0	0	0	5	649
"ADRB1"	"ENSG00000043591"	"adrenoceptor beta 1"	543	4	"TRUE"	"FALSE"	"FALSE"	"FALSE"	"FALSE"	"FALSE"	"FALSE"	"FALSE"	"FALSE"	"FALSE"	"FALSE"	"FALSE"	"Cell membrane"	1	60	26	5	0	0	0	5	646
"GABRA1"	"ENSG00000022355"	"gamma-aminobutyric acid type A receptor subunit alpha1"	551	5	"TRUE"	"FALSE"	"FALSE"	"FALSE"	"FALSE"	"FALSE"	"FALSE"	"FALSE"	"FALSE"	"FALSE"	"FALSE"	"FALSE"	"Postsynaptic cell membrane"	1	47	28	5	0	0	0	5	644
"PPARD"	"ENSG00000112033"	"peroxisome proliferator activated receptor delta"	590	5	"TRUE"	"FALSE"	"FALSE"	"FALSE"	"FALSE"	"FALSE"	"FALSE"	"FALSE"	"FALSE"	"FALSE"	"FALSE"	"FALSE"	"Nucleus"	1	10	25	1	4	0	0	1	637
"EPOR"	"ENSG00000187266"	"erythropoietin receptor"	597	1	"FALSE"	"FALSE"	"FALSE"	"FALSE"	"FALSE"	"FALSE"	"FALSE"	"FALSE"	"FALSE"	"TRUE"	"FALSE"	"FALSE"	"Cell membrane"	0	10	14	5	0	0	0	5	637
"AKT3"	"ENSG00000117020"	"AKT serine/threonine kinase 3"	579	4	"FALSE"	"TRUE"	"FALSE"	"FALSE"	"FALSE"	"FALSE"	"FALSE"	"FALSE"	"FALSE"	"FALSE"	"FALSE"	"FALSE"	"Nucleus"	1	13	27	1	1	3	0	1	628.5
"ADRA1B"	"ENSG00000170214"	"adrenoceptor alpha 1B"	545	4	"TRUE"	"FALSE"	"FALSE"	"FALSE"	"FALSE"	"FALSE"	"FALSE"	"FALSE"	"FALSE"	"TRUE"	"FALSE"	"FALSE"	"Nucleus membrane"	1	57	6	5	0	0	0	5	625
"HDAC3"	"ENSG00000171720"	"histone deacetylase 3"	573	4	"TRUE"	"FALSE"	"FALSE"	"FALSE"	"FALSE"	"FALSE"	"FALSE"	"FALSE"	"FALSE"	"TRUE"	"FALSE"	"FALSE"	"Nucleus"	1	12	21	5	0	0	0	5	623
"PDE4A"	"ENSG00000065989"	"phosphodiesterase 4A"	547	6	"TRUE"	"FALSE"	"FALSE"	"FALSE"	"FALSE"	"FALSE"	"FALSE"	"FALSE"	"FALSE"	"FALSE"	"FALSE"	"FALSE"	"[Isoform 1]: Cytoplasm"	1	28	28	5	0	0	0	5	622
"ROCK1"	"ENSG00000067900"	"Rho associated coiled-coil containing protein kinase 1"	556	6	"TRUE"	"FALSE"	"FALSE"	"FALSE"	"FALSE"	"FALSE"	"FALSE"	"FALSE"	"FALSE"	"FALSE"	"FALSE"	"FALSE"	"Cytoplasm"	1	13	27	4	1	0	0	4	613.5
"F8"	"ENSG00000185010"	"coagulation factor VIII"	560	3	"FALSE"	"FALSE"	"FALSE"	"FALSE"	"TRUE"	"FALSE"	"FALSE"	"FALSE"	"FALSE"	"TRUE"	"FALSE"	"FALSE"	"Secreted"	0	15	13	5	0	0	0	5	606
"HTR2A"	"ENSG00000102468"	"5-hydroxytryptamine receptor 2A"	488	5	"TRUE"	"FALSE"	"FALSE"	"FALSE"	"FALSE"	"FALSE"	"FALSE"	"FALSE"	"FALSE"	"FALSE"	"FALSE"	"FALSE"	"Cell membrane"	1	67	26	5	0	0	0	5	599
"TYK2"	"ENSG00000105397"	"tyrosine kinase 2"	531	5	"TRUE"	"FALSE"	"FALSE"	"FALSE"	"FALSE"	"FALSE"	"FALSE"	"FALSE"	"FALSE"	"FALSE"	"FALSE"	"FALSE"	"Cytosol"	0	16	18	5	0	0	0	5	585
"FGF1"	"ENSG00000113578"	"fibroblast growth factor 1"	551	6	"FALSE"	"TRUE"	"FALSE"	"FALSE"	"TRUE"	"FALSE"	"FALSE"	"FALSE"	"FALSE"	"FALSE"	"TRUE"	"FALSE"	"Secreted"	0	6	4	0	3	2	0	0	573.5
"TUBB8"	"ENSG00000261456"	"tubulin beta 8 class VIII"	465	3	"TRUE"	"FALSE"	"FALSE"	"FALSE"	"FALSE"	"FALSE"	"FALSE"	"FALSE"	"FALSE"	"TRUE"	"FALSE"	"FALSE"	"Cytoplasm"	0	64	26	5	0	0	0	5	573
"PDE4B"	"ENSG00000184588"	"phosphodiesterase 4B"	478	6	"TRUE"	"FALSE"	"FALSE"	"FALSE"	"FALSE"	"FALSE"	"FALSE"	"FALSE"	"FALSE"	"FALSE"	"FALSE"	"FALSE"	"[Isoform PDE4B5]: Cytoplasm"	1	28	28	5	0	0	0	5	553
"PDE3B"	"ENSG00000152270"	"phosphodiesterase 3B"	477	5	"TRUE"	"FALSE"	"FALSE"	"FALSE"	"FALSE"	"FALSE"	"FALSE"	"FALSE"	"FALSE"	"FALSE"	"FALSE"	"FALSE"	"Membrane"	1	11	28	5	0	0	0	5	534
"PDE3A"	"ENSG00000172572"	"phosphodiesterase 3A"	425	4	"TRUE"	"FALSE"	"FALSE"	"FALSE"	"FALSE"	"FALSE"	"FALSE"	"FALSE"	"FALSE"	"FALSE"	"FALSE"	"FALSE"	"Membrane"	1	17	28	5	0	0	0	5	487
"MAP2K2"	"ENSG00000126934"	"mitogen-activated protein kinase kinase 2"	421	6	"TRUE"	"FALSE"	"FALSE"	"FALSE"	"FALSE"	"FALSE"	"FALSE"	"FALSE"	"FALSE"	"FALSE"	"FALSE"	"FALSE"	"Cytoplasm"	0	17	26	5	0	0	0	5	485
"PDE4D"	"ENSG00000113448"	"phosphodiesterase 4D"	406	6	"TRUE"	"FALSE"	"FALSE"	"FALSE"	"FALSE"	"FALSE"	"FALSE"	"FALSE"	"FALSE"	"FALSE"	"FALSE"	"FALSE"	"Apical cell membrane"	1	29	28	5	0	0	0	5	482
"ROCK2"	"ENSG00000134318"	"Rho associated coiled-coil containing protein kinase 2"	425	4	"TRUE"	"FALSE"	"FALSE"	"FALSE"	"FALSE"	"FALSE"	"FALSE"	"FALSE"	"FALSE"	"FALSE"	"FALSE"	"FALSE"	"Cytoplasm"	1	13	27	3	2	0	0	3	479
"ADORA1"	"ENSG00000163485"	"adenosine A1 receptor"	408	5	"TRUE"	"FALSE"	"FALSE"	"FALSE"	"FALSE"	"FALSE"	"FALSE"	"FALSE"	"FALSE"	"FALSE"	"FALSE"	"FALSE"	"Cell membrane"	1	17	28	5	0	0	0	5	471
"PTGER2"	"ENSG00000125384"	"prostaglandin E receptor 2"	437	4	"TRUE"	"FALSE"	"FALSE"	"FALSE"	"FALSE"	"FALSE"	"FALSE"	"FALSE"	"FALSE"	"FALSE"	"FALSE"	"FALSE"	"Cell membrane"	1	5	11	3	0	2	0	3	466
"GABRB3"	"ENSG00000166206"	"gamma-aminobutyric acid type A receptor subunit beta3"	377	5	"TRUE"	"FALSE"	"FALSE"	"FALSE"	"FALSE"	"FALSE"	"FALSE"	"FALSE"	"FALSE"	"FALSE"	"FALSE"	"FALSE"	"Postsynaptic cell membrane"	1	27	28	5	0	0	0	5	450
"GABRA5"	"ENSG00000186297"	"gamma-aminobutyric acid type A receptor subunit alpha5"	354	5	"TRUE"	"FALSE"	"FALSE"	"FALSE"	"FALSE"	"FALSE"	"FALSE"	"FALSE"	"FALSE"	"FALSE"	"FALSE"	"FALSE"	"Postsynaptic cell membrane"	1	46	28	5	0	0	0	5	446
"GABRA2"	"ENSG00000151834"	"gamma-aminobutyric acid type A receptor subunit alpha2"	340	3	"TRUE"	"FALSE"	"FALSE"	"FALSE"	"FALSE"	"FALSE"	"FALSE"	"FALSE"	"FALSE"	"FALSE"	"FALSE"	"FALSE"	"Postsynaptic cell membrane"	1	49	28	5	0	0	0	5	433
"PIK3R3"	"ENSG00000117461"	"phosphoinositide-3-kinase regulatory subunit 3"	374	2	"FALSE"	"TRUE"	"FALSE"	"FALSE"	"FALSE"	"FALSE"	"FALSE"	"FALSE"	"FALSE"	"FALSE"	"FALSE"	"FALSE"	"Cytosol"	0	23	27	0	4	1	0	0	433
"GRM5"	"ENSG00000168959"	"glutamate metabotropic receptor 5"	367	6	"FALSE"	"TRUE"	"FALSE"	"FALSE"	"FALSE"	"FALSE"	"FALSE"	"FALSE"	"FALSE"	"FALSE"	"FALSE"	"FALSE"	"Cell membrane"	0	8	26	0	0	5	0	0	412
"DRD1"	"ENSG00000184845"	"dopamine receptor D1"	344	4	"TRUE"	"FALSE"	"FALSE"	"FALSE"	"FALSE"	"FALSE"	"FALSE"	"FALSE"	"FALSE"	"TRUE"	"FALSE"	"FALSE"	"Cell membrane"	1	13	28	5	0	0	0	5	402
"GABRA3"	"ENSG00000011677"	"gamma-aminobutyric acid type A receptor subunit alpha3"	310	3	"TRUE"	"FALSE"	"FALSE"	"FALSE"	"FALSE"	"FALSE"	"FALSE"	"FALSE"	"FALSE"	"FALSE"	"FALSE"	"FALSE"	"Postsynaptic cell membrane"	1	48	28	5	0	0	0	5	402
"CDK9"	"ENSG00000136807"	"cyclin dependent kinase 9"	342	5	"FALSE"	"TRUE"	"FALSE"	"FALSE"	"FALSE"	"FALSE"	"FALSE"	"FALSE"	"FALSE"	"FALSE"	"FALSE"	"FALSE"	"Nucleus"	0	10	22	0	2	3	0	0	385
"GABRG3"	"ENSG00000182256"	"gamma-aminobutyric acid type A receptor subunit gamma3"	296	3	"TRUE"	"FALSE"	"FALSE"	"FALSE"	"FALSE"	"FALSE"	"FALSE"	"FALSE"	"FALSE"	"FALSE"	"FALSE"	"FALSE"	"Postsynaptic cell membrane"	1	43	28	5	0	0	0	5	383
"HDAC8"	"ENSG00000147099"	"histone deacetylase 8"	343	5	"TRUE"	"FALSE"	"FALSE"	"FALSE"	"FALSE"	"FALSE"	"FALSE"	"FALSE"	"FALSE"	"TRUE"	"FALSE"	"FALSE"	"Nucleus"	0	11	10	4	1	0	0	4	382.5
"PIK3R2"	"ENSG00000105647"	"phosphoinositide-3-kinase regulatory subunit 2"	325	2	"FALSE"	"TRUE"	"FALSE"	"FALSE"	"FALSE"	"FALSE"	"FALSE"	"FALSE"	"FALSE"	"FALSE"	"FALSE"	"FALSE"	"Golgi apparatus"	1	23	27	0	4	1	0	0	382
"GABRG1"	"ENSG00000163285"	"gamma-aminobutyric acid type A receptor subunit gamma1"	294	3	"TRUE"	"FALSE"	"FALSE"	"FALSE"	"FALSE"	"FALSE"	"FALSE"	"FALSE"	"FALSE"	"FALSE"	"FALSE"	"FALSE"	"Postsynaptic cell membrane"	1	43	28	5	0	0	0	5	381
"GABRB2"	"ENSG00000145864"	"gamma-aminobutyric acid type A receptor subunit beta2"	302	5	"TRUE"	"FALSE"	"FALSE"	"FALSE"	"FALSE"	"FALSE"	"FALSE"	"FALSE"	"FALSE"	"FALSE"	"FALSE"	"FALSE"	"Postsynaptic cell membrane"	0	26	28	5	0	0	0	5	376
"HTR2C"	"ENSG00000147246"	"5-hydroxytryptamine receptor 2C"	286	5	"TRUE"	"FALSE"	"FALSE"	"FALSE"	"FALSE"	"FALSE"	"FALSE"	"FALSE"	"FALSE"	"FALSE"	"FALSE"	"FALSE"	"Cell membrane"	1	39	26	5	0	0	0	5	369
"TUBA1A"	"ENSG00000167552"	"tubulin alpha 1a"	293	4	"TRUE"	"FALSE"	"FALSE"	"FALSE"	"FALSE"	"FALSE"	"FALSE"	"FALSE"	"FALSE"	"TRUE"	"FALSE"	"FALSE"	"Cytoplasm"	0	24	26	2	3	0	0	2	357.5
"GABRB1"	"ENSG00000163288"	"gamma-aminobutyric acid type A receptor subunit beta1"	270	4	"TRUE"	"FALSE"	"FALSE"	"FALSE"	"FALSE"	"FALSE"	"FALSE"	"FALSE"	"FALSE"	"FALSE"	"FALSE"	"FALSE"	"Postsynaptic cell membrane"	0	29	28	5	0	0	0	5	346
"GABRE"	"ENSG00000102287"	"gamma-aminobutyric acid type A receptor subunit epsilon"	254	3	"TRUE"	"FALSE"	"FALSE"	"FALSE"	"FALSE"	"FALSE"	"FALSE"	"FALSE"	"FALSE"	"FALSE"	"FALSE"	"FALSE"	"Cell membrane"	0	16	28	5	0	0	0	5	316
"PDE4C"	"ENSG00000105650"	"phosphodiesterase 4C"	237	4	"TRUE"	"FALSE"	"FALSE"	"FALSE"	"FALSE"	"FALSE"	"FALSE"	"FALSE"	"FALSE"	"FALSE"	"FALSE"	"FALSE"	"Cell projection"	0	28	28	5	0	0	0	5	312
"TUBA4A"	"ENSG00000127824"	"tubulin alpha 4a"	245	3	"TRUE"	"FALSE"	"FALSE"	"FALSE"	"FALSE"	"FALSE"	"FALSE"	"FALSE"	"FALSE"	"TRUE"	"FALSE"	"FALSE"	"Cytoplasm"	0	24	26	2	3	0	0	2	308.5
"GABRD"	"ENSG00000187730"	"gamma-aminobutyric acid type A receptor subunit delta"	240	4	"TRUE"	"FALSE"	"FALSE"	"FALSE"	"FALSE"	"FALSE"	"FALSE"	"FALSE"	"FALSE"	"FALSE"	"FALSE"	"FALSE"	"Cell membrane"	0	16	28	5	0	0	0	5	303
"TUBA1B"	"ENSG00000123416"	"tubulin alpha 1b"	237	4	"TRUE"	"FALSE"	"FALSE"	"FALSE"	"FALSE"	"FALSE"	"FALSE"	"FALSE"	"FALSE"	"TRUE"	"FALSE"	"FALSE"	"Cytoplasm"	0	24	26	2	3	0	0	2	301.5
"CACNA1B"	"ENSG00000148408"	"calcium voltage-gated channel subunit alpha1 B"	235	4	"TRUE"	"FALSE"	"FALSE"	"FALSE"	"FALSE"	"FALSE"	"FALSE"	"FALSE"	"FALSE"	"TRUE"	"FALSE"	"FALSE"	"Membrane"	0	11	28	5	0	0	0	5	293
"PTGDR2"	"ENSG00000183134"	"prostaglandin D2 receptor 2"	248	5	"TRUE"	"FALSE"	"FALSE"	"FALSE"	"FALSE"	"FALSE"	"FALSE"	"FALSE"	"FALSE"	"FALSE"	"FALSE"	"FALSE"	"Cell membrane"	0	11	11	0	3	2	0	0	281.5
"GABRP"	"ENSG00000094755"	"gamma-aminobutyric acid type A receptor subunit pi"	217	3	"TRUE"	"FALSE"	"FALSE"	"FALSE"	"FALSE"	"FALSE"	"FALSE"	"FALSE"	"FALSE"	"FALSE"	"FALSE"	"FALSE"	"Cell membrane"	0	16	28	5	0	0	0	5	279
"PTGIR"	"ENSG00000160013"	"prostaglandin I2 receptor"	233	4	"TRUE"	"FALSE"	"FALSE"	"FALSE"	"FALSE"	"FALSE"	"FALSE"	"FALSE"	"FALSE"	"FALSE"	"FALSE"	"FALSE"	"Cell membrane"	1	10	11	5	0	0	0	5	271
"GABRA4"	"ENSG00000109158"	"gamma-aminobutyric acid type A receptor subunit alpha4"	205	4	"TRUE"	"FALSE"	"FALSE"	"FALSE"	"FALSE"	"FALSE"	"FALSE"	"FALSE"	"FALSE"	"FALSE"	"FALSE"	"FALSE"	"Cell membrane"	1	19	28	5	0	0	0	5	269
"GUCY1B1"	"ENSG00000061918"	"guanylate cyclase 1 soluble subunit beta 1"	204	5	"TRUE"	"FALSE"	"FALSE"	"FALSE"	"FALSE"	"FALSE"	"FALSE"	"FALSE"	"FALSE"	"FALSE"	"FALSE"	"FALSE"	"Cytoplasm"	0	14	26	5	0	0	0	5	264
"GABRQ"	"ENSG00000268089"	"gamma-aminobutyric acid type A receptor subunit theta"	191	3	"TRUE"	"FALSE"	"FALSE"	"FALSE"	"FALSE"	"FALSE"	"FALSE"	"FALSE"	"FALSE"	"FALSE"	"FALSE"	"FALSE"	"Postsynaptic cell membrane"	0	16	28	5	0	0	0	5	253
"GABRA6"	"ENSG00000145863"	"gamma-aminobutyric acid type A receptor subunit alpha6"	188	3	"TRUE"	"FALSE"	"FALSE"	"FALSE"	"FALSE"	"FALSE"	"FALSE"	"FALSE"	"FALSE"	"FALSE"	"FALSE"	"FALSE"	"Postsynaptic cell membrane"	1	19	28	5	0	0	0	5	251
"HTR2B"	"ENSG00000135914"	"5-hydroxytryptamine receptor 2B"	197	5	"TRUE"	"FALSE"	"FALSE"	"FALSE"	"FALSE"	"FALSE"	"FALSE"	"FALSE"	"FALSE"	"FALSE"	"FALSE"	"FALSE"	"Cell membrane"	1	8	26	5	0	0	0	5	249
"HDAC10"	"ENSG00000100429"	"histone deacetylase 10"	211	3	"TRUE"	"FALSE"	"FALSE"	"FALSE"	"FALSE"	"FALSE"	"FALSE"	"FALSE"	"FALSE"	"TRUE"	"FALSE"	"FALSE"	"Cytoplasm"	0	10	10	4	1	0	0	4	247.5
"PTGFR"	"ENSG00000122420"	"prostaglandin F receptor"	211	4	"TRUE"	"FALSE"	"FALSE"	"FALSE"	"FALSE"	"FALSE"	"FALSE"	"FALSE"	"FALSE"	"FALSE"	"FALSE"	"FALSE"	"Cell membrane"	0	6	11	5	0	0	0	5	247
"PIK3R5"	"ENSG00000141506"	"phosphoinositide-3-kinase regulatory subunit 5"	183	2	"FALSE"	"TRUE"	"FALSE"	"FALSE"	"FALSE"	"FALSE"	"FALSE"	"FALSE"	"FALSE"	"FALSE"	"FALSE"	"FALSE"	"Nucleus"	1	23	27	0	4	1	0	0	240
"TUBA1C"	"ENSG00000167553"	"tubulin alpha 1c"	176	3	"TRUE"	"FALSE"	"FALSE"	"FALSE"	"FALSE"	"FALSE"	"FALSE"	"FALSE"	"FALSE"	"TRUE"	"FALSE"	"FALSE"	"Cytoplasm"	0	24	26	2	3	0	0	2	239.5
"GUCY1A1"	"ENSG00000164116"	"guanylate cyclase 1 soluble subunit alpha 1"	182	4	"TRUE"	"FALSE"	"FALSE"	"FALSE"	"FALSE"	"FALSE"	"FALSE"	"FALSE"	"FALSE"	"FALSE"	"FALSE"	"FALSE"	"Cytoplasm"	0	8	26	3	0	2	0	3	231
"TUBA3C"	"ENSG00000198033"	"tubulin alpha 3c"	121	3	"TRUE"	"FALSE"	"FALSE"	"FALSE"	"FALSE"	"FALSE"	"FALSE"	"FALSE"	"FALSE"	"TRUE"	"FALSE"	"FALSE"	"Cytoplasm"	0	24	26	2	3	0	0	2	184.5
"TUBA3E"	"ENSG00000152086"	"tubulin alpha 3e"	106	3	"TRUE"	"FALSE"	"FALSE"	"FALSE"	"FALSE"	"FALSE"	"FALSE"	"FALSE"	"FALSE"	"TRUE"	"FALSE"	"FALSE"	"Cytoplasm"	0	24	26	2	3	0	0	2	169.5
"GUCY1A2"	"ENSG00000152402"	"guanylate cyclase 1 soluble subunit alpha 2"	73	3	"TRUE"	"FALSE"	"FALSE"	"FALSE"	"FALSE"	"FALSE"	"FALSE"	"FALSE"	"FALSE"	"FALSE"	"FALSE"	"FALSE"	"Cytoplasm"	0	8	26	3	0	2	0	3	121
"IL3RA"	"ENSG00000185291"	"interleukin 3 receptor subunit alpha"	332	2	"FALSE"	"FALSE"	"FALSE"	"FALSE"	"TRUE"	"FALSE"	"FALSE"	"FALSE"	"FALSE"	"TRUE"	"FALSE"	"FALSE"	"Membrane"	0	4	46	NA	NA	NA	NA	NA	NA
"CSF2RA"	"ENSG00000198223"	"colony stimulating factor 2 receptor subunit alpha"	319	2	"FALSE"	"FALSE"	"FALSE"	"FALSE"	"TRUE"	"FALSE"	"FALSE"	"FALSE"	"FALSE"	"TRUE"	"FALSE"	"FALSE"	"Cell membrane"	0	2	46	NA	NA	NA	NA	NA	NA
"IL3RA"	"ENSG00000292332"	"interleukin 3 receptor subunit alpha "	325	0	"Unknown"	"Unknown"	"Unknown"	"Unknown"	"Unknown"	"Unknown"	"Unknown"	"Unknown"	"Unknown"	"Unknown"	"Unknown"	"Unknown"	"No data"	0	4	46	NA	NA	NA	NA	NA	NA
"CSF2RA"	"ENSG00000292357"	"colony stimulating factor 2 receptor subunit alpha "	261	0	"Unknown"	"Unknown"	"Unknown"	"Unknown"	"Unknown"	"Unknown"	"Unknown"	"Unknown"	"Unknown"	"Unknown"	"Unknown"	"Unknown"	"No data"	0	2	46	NA	NA	NA	NA	NA	NA
"PDE2A"	"ENSG00000186642"	"phosphodiesterase 2A"	248	6	"TRUE"	"FALSE"	"FALSE"	"FALSE"	"FALSE"	"FALSE"	"FALSE"	"FALSE"	"FALSE"	"FALSE"	"FALSE"	"FALSE"	"[Isoform PDE2A3]: Cell membrane"	0	2	28	NA	NA	NA	NA	NA	NA
"PRKCA"	"ENSG00000154229"	"protein kinase C alpha"	1137	6	"TRUE"	"FALSE"	"FALSE"	"FALSE"	"FALSE"	"FALSE"	"FALSE"	"FALSE"	"FALSE"	"FALSE"	"FALSE"	"FALSE"	"Cytoplasm"	1	5	28	NA	NA	NA	NA	NA	NA
"PRKACA"	"ENSG00000072062"	"protein kinase cAMP-activated catalytic subunit alpha"	314	6	"FALSE"	"FALSE"	"TRUE"	"FALSE"	"FALSE"	"FALSE"	"FALSE"	"FALSE"	"FALSE"	"FALSE"	"FALSE"	"FALSE"	"Cytoplasm"	1	1	28	NA	NA	NA	NA	NA	NA
"GABBR1"	"ENSG00000204681"	"gamma-aminobutyric acid type B receptor subunit 1"	311	5	"TRUE"	"FALSE"	"FALSE"	"FALSE"	"FALSE"	"FALSE"	"FALSE"	"FALSE"	"FALSE"	"FALSE"	"FALSE"	"FALSE"	"Cell membrane"	0	7	28	NA	NA	NA	NA	NA	NA
"GABBR2"	"ENSG00000136928"	"gamma-aminobutyric acid type B receptor subunit 2"	228	5	"TRUE"	"FALSE"	"FALSE"	"FALSE"	"FALSE"	"FALSE"	"FALSE"	"FALSE"	"FALSE"	"FALSE"	"FALSE"	"FALSE"	"Cell membrane"	0	7	28	NA	NA	NA	NA	NA	NA
"PDE7A"	"ENSG00000205268"	"phosphodiesterase 7A"	210	5	"TRUE"	"FALSE"	"FALSE"	"FALSE"	"FALSE"	"FALSE"	"FALSE"	"FALSE"	"FALSE"	"FALSE"	"FALSE"	"FALSE"	"[Isoform PDE7A1]: Cytoplasm"	0	4	28	NA	NA	NA	NA	NA	NA
"PDE8A"	"ENSG00000073417"	"phosphodiesterase 8A"	148	5	"TRUE"	"FALSE"	"FALSE"	"FALSE"	"FALSE"	"FALSE"	"FALSE"	"FALSE"	"FALSE"	"FALSE"	"FALSE"	"FALSE"	"Golgi apparatus"	0	4	28	NA	NA	NA	NA	NA	NA
"PDE10A"	"ENSG00000112541"	"phosphodiesterase 10A"	405	5	"TRUE"	"FALSE"	"FALSE"	"FALSE"	"FALSE"	"FALSE"	"FALSE"	"FALSE"	"FALSE"	"FALSE"	"FALSE"	"FALSE"	"Cytoplasm"	1	6	28	NA	NA	NA	NA	NA	NA
"PRKCG"	"ENSG00000126583"	"protein kinase C gamma"	1090	4	"TRUE"	"FALSE"	"FALSE"	"FALSE"	"FALSE"	"FALSE"	"FALSE"	"FALSE"	"FALSE"	"FALSE"	"FALSE"	"FALSE"	"Cytoplasm"	0	4	28	NA	NA	NA	NA	NA	NA
"PDE1B"	"ENSG00000123360"	"phosphodiesterase 1B"	163	4	"TRUE"	"FALSE"	"FALSE"	"FALSE"	"FALSE"	"FALSE"	"FALSE"	"FALSE"	"FALSE"	"FALSE"	"FALSE"	"FALSE"	"Cytoplasm"	0	2	28	NA	NA	NA	NA	NA	NA
"PRKACB"	"ENSG00000142875"	"protein kinase cAMP-activated catalytic subunit beta"	134	4	"FALSE"	"FALSE"	"TRUE"	"FALSE"	"FALSE"	"FALSE"	"FALSE"	"FALSE"	"FALSE"	"FALSE"	"FALSE"	"FALSE"	"Cytoplasm"	0	1	28	NA	NA	NA	NA	NA	NA
"PDE8B"	"ENSG00000113231"	"phosphodiesterase 8B"	191	3	"TRUE"	"FALSE"	"FALSE"	"FALSE"	"FALSE"	"FALSE"	"FALSE"	"FALSE"	"FALSE"	"FALSE"	"FALSE"	"FALSE"	"Cytosol"	0	4	28	NA	NA	NA	NA	NA	NA
"PDE7B"	"ENSG00000171408"	"phosphodiesterase 7B"	172	3	"TRUE"	"FALSE"	"FALSE"	"FALSE"	"FALSE"	"FALSE"	"FALSE"	"FALSE"	"FALSE"	"FALSE"	"FALSE"	"FALSE"	"Nucleoplasm"	0	4	28	NA	NA	NA	NA	NA	NA
"KCNJ5"	"ENSG00000120457"	"potassium inwardly rectifying channel subfamily J member 5"	327	3	"TRUE"	"FALSE"	"FALSE"	"FALSE"	"FALSE"	"FALSE"	"FALSE"	"FALSE"	"FALSE"	"FALSE"	"FALSE"	"FALSE"	"Membrane"	0	2	28	NA	NA	NA	NA	NA	NA
"PDE1A"	"ENSG00000115252"	"phosphodiesterase 1A"	265	3	"TRUE"	"FALSE"	"FALSE"	"FALSE"	"FALSE"	"FALSE"	"FALSE"	"FALSE"	"FALSE"	"FALSE"	"FALSE"	"FALSE"	"Nucleoplasm"	0	2	28	NA	NA	NA	NA	NA	NA
"KCNJ3"	"ENSG00000162989"	"potassium inwardly rectifying channel subfamily J member 3"	248	3	"TRUE"	"FALSE"	"FALSE"	"FALSE"	"FALSE"	"FALSE"	"FALSE"	"FALSE"	"FALSE"	"FALSE"	"FALSE"	"FALSE"	"Membrane"	0	2	28	NA	NA	NA	NA	NA	NA
"PDE1C"	"ENSG00000154678"	"phosphodiesterase 1C"	202	3	"TRUE"	"FALSE"	"FALSE"	"FALSE"	"FALSE"	"FALSE"	"FALSE"	"FALSE"	"FALSE"	"FALSE"	"FALSE"	"FALSE"	"Lysosome"	0	2	28	NA	NA	NA	NA	NA	NA
"PRKACG"	"ENSG00000165059"	"protein kinase cAMP-activated catalytic subunit gamma"	43	3	"FALSE"	"FALSE"	"TRUE"	"FALSE"	"FALSE"	"FALSE"	"FALSE"	"FALSE"	"FALSE"	"FALSE"	"FALSE"	"FALSE"	"Cytosol"	0	1	28	NA	NA	NA	NA	NA	NA
"PRKCB"	"ENSG00000166501"	"protein kinase C beta"	1193	3	"TRUE"	"FALSE"	"FALSE"	"FALSE"	"FALSE"	"FALSE"	"FALSE"	"FALSE"	"FALSE"	"FALSE"	"FALSE"	"FALSE"	"Cytoplasm"	1	6	28	NA	NA	NA	NA	NA	NA
"HCK"	"ENSG00000101336"	"HCK proto-oncogene, Src family tyrosine kinase"	387	6	"TRUE"	"FALSE"	"FALSE"	"FALSE"	"FALSE"	"FALSE"	"FALSE"	"FALSE"	"FALSE"	"FALSE"	"FALSE"	"FALSE"	"[Isoform 1]: Lysosome"	0	6	27	NA	NA	NA	NA	NA	NA
"SRC"	"ENSG00000197122"	"SRC proto-oncogene, non-receptor tyrosine kinase"	1088	6	"TRUE"	"FALSE"	"FALSE"	"FALSE"	"FALSE"	"FALSE"	"FALSE"	"FALSE"	"FALSE"	"FALSE"	"FALSE"	"FALSE"	"Cell membrane"	1	11	27	NA	NA	NA	NA	NA	NA
"GSK3B"	"ENSG00000082701"	"glycogen synthase kinase 3 beta"	1133	6	"TRUE"	"FALSE"	"FALSE"	"FALSE"	"FALSE"	"FALSE"	"FALSE"	"FALSE"	"FALSE"	"FALSE"	"FALSE"	"FALSE"	"Cytoplasm"	1	5	27	NA	NA	NA	NA	NA	NA
"FGR"	"ENSG00000000938"	"FGR proto-oncogene, Src family tyrosine kinase"	387	5	"TRUE"	"FALSE"	"FALSE"	"FALSE"	"FALSE"	"FALSE"	"FALSE"	"FALSE"	"FALSE"	"FALSE"	"FALSE"	"FALSE"	"Cell membrane"	0	5	27	NA	NA	NA	NA	NA	NA
"ITK"	"ENSG00000113263"	"IL2 inducible T cell kinase"	495	5	"TRUE"	"FALSE"	"FALSE"	"FALSE"	"FALSE"	"FALSE"	"FALSE"	"FALSE"	"FALSE"	"FALSE"	"FALSE"	"FALSE"	"Cytoplasm"	0	4	27	NA	NA	NA	NA	NA	NA
"CCR1"	"ENSG00000163823"	"C-C motif chemokine receptor 1"	557	5	"FALSE"	"TRUE"	"FALSE"	"FALSE"	"FALSE"	"FALSE"	"FALSE"	"FALSE"	"FALSE"	"FALSE"	"FALSE"	"FALSE"	"Cell membrane"	0	3	27	NA	NA	NA	NA	NA	NA
"PTK2B"	"ENSG00000120899"	"protein tyrosine kinase 2 beta"	747	5	"FALSE"	"TRUE"	"FALSE"	"FALSE"	"FALSE"	"FALSE"	"FALSE"	"FALSE"	"FALSE"	"FALSE"	"FALSE"	"FALSE"	"Cytoplasm"	0	2	27	NA	NA	NA	NA	NA	NA
"CCR9"	"ENSG00000173585"	"C-C motif chemokine receptor 9"	299	5	"FALSE"	"TRUE"	"FALSE"	"FALSE"	"FALSE"	"FALSE"	"FALSE"	"FALSE"	"FALSE"	"FALSE"	"FALSE"	"FALSE"	"Cell membrane"	0	1	27	NA	NA	NA	NA	NA	NA
"RAF1"	"ENSG00000132155"	"Raf-1 proto-oncogene, serine/threonine kinase"	1025	5	"TRUE"	"FALSE"	"FALSE"	"FALSE"	"FALSE"	"FALSE"	"FALSE"	"FALSE"	"FALSE"	"FALSE"	"FALSE"	"FALSE"	"Cytoplasm"	1	10	27	NA	NA	NA	NA	NA	NA
"LYN"	"ENSG00000254087"	"LYN proto-oncogene, Src family tyrosine kinase"	882	5	"TRUE"	"FALSE"	"FALSE"	"FALSE"	"FALSE"	"FALSE"	"FALSE"	"FALSE"	"FALSE"	"FALSE"	"FALSE"	"FALSE"	"Cell membrane"	1	9	27	NA	NA	NA	NA	NA	NA
"PTK2"	"ENSG00000169398"	"protein tyrosine kinase 2"	734	5	"FALSE"	"TRUE"	"FALSE"	"FALSE"	"FALSE"	"FALSE"	"FALSE"	"FALSE"	"FALSE"	"FALSE"	"FALSE"	"FALSE"	"Cell junction"	1	6	27	NA	NA	NA	NA	NA	NA
"CXCL8"	"ENSG00000169429"	"C-X-C motif chemokine ligand 8"	2101	5	"FALSE"	"FALSE"	"FALSE"	"FALSE"	"TRUE"	"FALSE"	"FALSE"	"FALSE"	"FALSE"	"FALSE"	"FALSE"	"FALSE"	"Secreted"	1	2	27	NA	NA	NA	NA	NA	NA
"CXCL10"	"ENSG00000169245"	"C-X-C motif chemokine ligand 10"	1358	5	"FALSE"	"FALSE"	"FALSE"	"FALSE"	"TRUE"	"FALSE"	"FALSE"	"FALSE"	"FALSE"	"FALSE"	"FALSE"	"FALSE"	"Secreted"	1	2	27	NA	NA	NA	NA	NA	NA
"PRKCZ"	"ENSG00000067606"	"protein kinase C zeta"	316	4	"TRUE"	"FALSE"	"FALSE"	"FALSE"	"FALSE"	"FALSE"	"FALSE"	"FALSE"	"FALSE"	"FALSE"	"FALSE"	"FALSE"	"Cytoplasm"	0	4	27	NA	NA	NA	NA	NA	NA
"KRAS"	"ENSG00000133703"	"KRAS proto-oncogene, GTPase"	1718	4	"TRUE"	"FALSE"	"FALSE"	"FALSE"	"FALSE"	"FALSE"	"FALSE"	"FALSE"	"FALSE"	"FALSE"	"FALSE"	"FALSE"	"Cell membrane"	0	2	27	NA	NA	NA	NA	NA	NA
"PRKCD"	"ENSG00000163932"	"protein kinase C delta"	690	4	"TRUE"	"FALSE"	"FALSE"	"FALSE"	"FALSE"	"FALSE"	"FALSE"	"FALSE"	"FALSE"	"FALSE"	"TRUE"	"FALSE"	"Cytoplasm"	1	5	27	NA	NA	NA	NA	NA	NA
"IKBKB"	"ENSG00000104365"	"inhibitor of nuclear factor kappa B kinase subunit beta"	685	4	"FALSE"	"TRUE"	"FALSE"	"FALSE"	"FALSE"	"FALSE"	"FALSE"	"FALSE"	"FALSE"	"FALSE"	"FALSE"	"FALSE"	"Cytoplasm"	1	3	27	NA	NA	NA	NA	NA	NA
"GSK3A"	"ENSG00000105723"	"glycogen synthase kinase 3 alpha"	350	4	"TRUE"	"FALSE"	"FALSE"	"FALSE"	"FALSE"	"FALSE"	"FALSE"	"FALSE"	"FALSE"	"FALSE"	"FALSE"	"FALSE"	"Nucleoplasm"	1	3	27	NA	NA	NA	NA	NA	NA
"NFKB1"	"ENSG00000109320"	"nuclear factor kappa B subunit 1"	2493	4	"FALSE"	"TRUE"	"FALSE"	"FALSE"	"FALSE"	"FALSE"	"FALSE"	"FALSE"	"FALSE"	"FALSE"	"FALSE"	"FALSE"	"[Nuclear factor NF-kappa-B p105 subunit]: Cytoplasm"	1	1	27	NA	NA	NA	NA	NA	NA
"RELA"	"ENSG00000173039"	"RELA proto-oncogene, NF-kB subunit"	1129	4	"FALSE"	"TRUE"	"FALSE"	"FALSE"	"FALSE"	"FALSE"	"FALSE"	"FALSE"	"FALSE"	"FALSE"	"FALSE"	"FALSE"	"Nucleus"	1	1	27	NA	NA	NA	NA	NA	NA
"CXCR1"	"ENSG00000163464"	"C-X-C motif chemokine receptor 1"	686	3	"FALSE"	"TRUE"	"FALSE"	"FALSE"	"FALSE"	"FALSE"	"FALSE"	"FALSE"	"FALSE"	"FALSE"	"FALSE"	"FALSE"	"Cell membrane"	0	4	27	NA	NA	NA	NA	NA	NA
"CX3CL1"	"ENSG00000006210"	"C-X3-C motif chemokine ligand 1"	712	3	"FALSE"	"FALSE"	"FALSE"	"FALSE"	"TRUE"	"FALSE"	"FALSE"	"FALSE"	"FALSE"	"FALSE"	"FALSE"	"FALSE"	"Cell membrane"	0	1	27	NA	NA	NA	NA	NA	NA
"CCR4"	"ENSG00000183813"	"C-C motif chemokine receptor 4"	674	3	"FALSE"	"FALSE"	"FALSE"	"TRUE"	"FALSE"	"FALSE"	"FALSE"	"FALSE"	"FALSE"	"FALSE"	"FALSE"	"FALSE"	"Cell membrane"	0	1	27	NA	NA	NA	NA	NA	NA
"GRB2"	"ENSG00000177885"	"growth factor receptor bound protein 2"	314	3	"FALSE"	"FALSE"	"FALSE"	"FALSE"	"FALSE"	"FALSE"	"FALSE"	"FALSE"	"FALSE"	"FALSE"	"FALSE"	"FALSE"	"Nucleus"	0	1	27	NA	NA	NA	NA	NA	NA
"CCL2"	"ENSG00000108691"	"C-C motif chemokine ligand 2"	1933	3	"FALSE"	"FALSE"	"FALSE"	"FALSE"	"TRUE"	"FALSE"	"FALSE"	"FALSE"	"FALSE"	"FALSE"	"FALSE"	"FALSE"	"Secreted"	1	1	27	NA	NA	NA	NA	NA	NA
"STAT3"	"ENSG00000168610"	"signal transducer and activator of transcription 3"	1691	3	"FALSE"	"FALSE"	"FALSE"	"FALSE"	"FALSE"	"FALSE"	"FALSE"	"FALSE"	"FALSE"	"FALSE"	"FALSE"	"FALSE"	"Cytoplasm"	1	1	27	NA	NA	NA	NA	NA	NA
"CXCL12"	"ENSG00000107562"	"C-X-C motif chemokine ligand 12"	1197	2	"FALSE"	"FALSE"	"FALSE"	"FALSE"	"FALSE"	"FALSE"	"FALSE"	"FALSE"	"FALSE"	"FALSE"	"TRUE"	"FALSE"	"Secreted"	0	1	27	NA	NA	NA	NA	NA	NA
"CCL11"	"ENSG00000172156"	"C-C motif chemokine ligand 11"	696	2	"FALSE"	"FALSE"	"FALSE"	"FALSE"	"TRUE"	"FALSE"	"FALSE"	"FALSE"	"FALSE"	"FALSE"	"FALSE"	"FALSE"	"Secreted"	1	1	27	NA	NA	NA	NA	NA	NA
"LPAR1"	"ENSG00000198121"	"lysophosphatidic acid receptor 1"	386	5	"FALSE"	"TRUE"	"FALSE"	"FALSE"	"FALSE"	"FALSE"	"FALSE"	"FALSE"	"FALSE"	"FALSE"	"FALSE"	"FALSE"	"Cell surface"	0	1	26	NA	NA	NA	NA	NA	NA
"TUBB8B"	"ENSG00000173213"	"tubulin beta 8B"	15	3	"FALSE"	"TRUE"	"FALSE"	"FALSE"	"FALSE"	"FALSE"	"FALSE"	"FALSE"	"FALSE"	"FALSE"	"FALSE"	"FALSE"	"Cytoplasm"	1	1	26	NA	NA	NA	NA	NA	NA
"PDGFB"	"ENSG00000100311"	"platelet derived growth factor subunit B"	582	0	"FALSE"	"FALSE"	"FALSE"	"FALSE"	"FALSE"	"FALSE"	"FALSE"	"FALSE"	"FALSE"	"FALSE"	"TRUE"	"FALSE"	"Secreted"	0	1	26	NA	NA	NA	NA	NA	NA
"MMP1"	"ENSG00000196611"	"matrix metallopeptidase 1"	1016	6	"TRUE"	"FALSE"	"FALSE"	"FALSE"	"FALSE"	"FALSE"	"FALSE"	"FALSE"	"FALSE"	"FALSE"	"FALSE"	"FALSE"	"Secreted"	1	6	25	NA	NA	NA	NA	NA	NA
"RXRB"	"ENSG00000204231"	"retinoid X receptor beta"	239	5	"TRUE"	"FALSE"	"FALSE"	"FALSE"	"FALSE"	"FALSE"	"FALSE"	"FALSE"	"FALSE"	"FALSE"	"FALSE"	"FALSE"	"Nucleus"	1	5	25	NA	NA	NA	NA	NA	NA
"NR1H3"	"ENSG00000025434"	"nuclear receptor subfamily 1 group H member 3"	517	5	"FALSE"	"TRUE"	"FALSE"	"FALSE"	"FALSE"	"FALSE"	"FALSE"	"FALSE"	"FALSE"	"FALSE"	"FALSE"	"FALSE"	"Nucleus"	1	4	25	NA	NA	NA	NA	NA	NA
"PDPK1"	"ENSG00000140992"	"3-phosphoinositide dependent protein kinase 1"	222	5	"FALSE"	"TRUE"	"FALSE"	"FALSE"	"FALSE"	"FALSE"	"FALSE"	"FALSE"	"FALSE"	"FALSE"	"FALSE"	"FALSE"	"Cytoplasm"	1	2	25	NA	NA	NA	NA	NA	NA
"RXRG"	"ENSG00000143171"	"retinoid X receptor gamma"	189	4	"TRUE"	"FALSE"	"FALSE"	"FALSE"	"FALSE"	"FALSE"	"FALSE"	"FALSE"	"FALSE"	"FALSE"	"FALSE"	"FALSE"	"Nucleus"	0	5	25	NA	NA	NA	NA	NA	NA
"CPT2"	"ENSG00000157184"	"carnitine palmitoyltransferase 2"	416	3	"TRUE"	"FALSE"	"FALSE"	"FALSE"	"FALSE"	"FALSE"	"FALSE"	"FALSE"	"FALSE"	"FALSE"	"FALSE"	"FALSE"	"Mitochondrion inner membrane"	0	1	25	NA	NA	NA	NA	NA	NA
"CPT1B"	"ENSG00000205560"	"carnitine palmitoyltransferase 1B"	199	3	"TRUE"	"FALSE"	"FALSE"	"FALSE"	"FALSE"	"FALSE"	"FALSE"	"FALSE"	"FALSE"	"FALSE"	"FALSE"	"FALSE"	"Mitochondrion outer membrane"	0	1	25	NA	NA	NA	NA	NA	NA
"APOC3"	"ENSG00000110245"	"apolipoprotein C3"	634	0	"FALSE"	"FALSE"	"FALSE"	"FALSE"	"FALSE"	"FALSE"	"FALSE"	"FALSE"	"FALSE"	"FALSE"	"FALSE"	"FALSE"	"Secreted"	1	3	25	NA	NA	NA	NA	NA	NA
"CD52"	"ENSG00000169442"	"CD52 molecule"	332	2	"FALSE"	"FALSE"	"FALSE"	"TRUE"	"FALSE"	"FALSE"	"FALSE"	"FALSE"	"FALSE"	"FALSE"	"FALSE"	"FALSE"	"Cell membrane"	0	1	24	NA	NA	NA	NA	NA	NA
"PSCA"	"ENSG00000167653"	"prostate stem cell antigen"	142	2	"FALSE"	"FALSE"	"FALSE"	"FALSE"	"TRUE"	"FALSE"	"FALSE"	"FALSE"	"FALSE"	"FALSE"	"FALSE"	"FALSE"	"Cell membrane"	0	1	24	NA	NA	NA	NA	NA	NA
"XPNPEP2"	"ENSG00000122121"	"X-prolyl aminopeptidase 2"	67	2	"FALSE"	"TRUE"	"FALSE"	"FALSE"	"FALSE"	"FALSE"	"FALSE"	"FALSE"	"FALSE"	"FALSE"	"FALSE"	"FALSE"	"Cell membrane"	1	1	24	NA	NA	NA	NA	NA	NA
"MSLN"	"ENSG00000102854"	"mesothelin"	320	1	"FALSE"	"FALSE"	"FALSE"	"FALSE"	"TRUE"	"FALSE"	"FALSE"	"FALSE"	"FALSE"	"FALSE"	"TRUE"	"FALSE"	"Cell membrane"	0	4	24	NA	NA	NA	NA	NA	NA
"LY6E"	"ENSG00000160932"	"lymphocyte antigen 6 family member E"	312	0	"FALSE"	"FALSE"	"FALSE"	"FALSE"	"FALSE"	"FALSE"	"FALSE"	"FALSE"	"FALSE"	"FALSE"	"FALSE"	"TRUE"	"Cell membrane"	0	1	24	NA	NA	NA	NA	NA	NA
"LCK"	"ENSG00000182866"	"LCK proto-oncogene, Src family tyrosine kinase"	662	6	"TRUE"	"FALSE"	"FALSE"	"FALSE"	"FALSE"	"FALSE"	"FALSE"	"FALSE"	"FALSE"	"FALSE"	"FALSE"	"FALSE"	"Cell membrane"	1	8	23	NA	NA	NA	NA	NA	NA
"HAVCR2"	"ENSG00000135077"	"hepatitis A virus cellular receptor 2"	699	4	"FALSE"	"FALSE"	"FALSE"	"FALSE"	"TRUE"	"FALSE"	"FALSE"	"FALSE"	"FALSE"	"FALSE"	"FALSE"	"FALSE"	"Membrane"	0	3	23	NA	NA	NA	NA	NA	NA
"IL2RB"	"ENSG00000100385"	"interleukin 2 receptor subunit beta"	839	3	"FALSE"	"FALSE"	"FALSE"	"FALSE"	"FALSE"	"TRUE"	"FALSE"	"FALSE"	"FALSE"	"TRUE"	"FALSE"	"FALSE"	"Cell membrane"	0	6	23	NA	NA	NA	NA	NA	NA
"INPP5D"	"ENSG00000168918"	"inositol polyphosphate-5-phosphatase D"	629	3	"FALSE"	"TRUE"	"FALSE"	"FALSE"	"FALSE"	"FALSE"	"FALSE"	"FALSE"	"FALSE"	"FALSE"	"FALSE"	"FALSE"	"Cytoplasm"	0	1	23	NA	NA	NA	NA	NA	NA
"IL5"	"ENSG00000113525"	"interleukin 5"	1152	2	"FALSE"	"FALSE"	"FALSE"	"TRUE"	"FALSE"	"FALSE"	"FALSE"	"FALSE"	"FALSE"	"FALSE"	"FALSE"	"FALSE"	"Secreted"	0	3	23	NA	NA	NA	NA	NA	NA
"IL2RG"	"ENSG00000147168"	"interleukin 2 receptor subunit gamma"	615	2	"FALSE"	"FALSE"	"FALSE"	"FALSE"	"FALSE"	"FALSE"	"FALSE"	"FALSE"	"FALSE"	"FALSE"	"TRUE"	"FALSE"	"Cell membrane"	0	2	23	NA	NA	NA	NA	NA	NA
"CSF2RB"	"ENSG00000100368"	"colony stimulating factor 2 receptor subunit beta"	295	2	"FALSE"	"FALSE"	"FALSE"	"FALSE"	"TRUE"	"FALSE"	"FALSE"	"FALSE"	"FALSE"	"FALSE"	"TRUE"	"FALSE"	"Membrane"	0	2	23	NA	NA	NA	NA	NA	NA
"IL21"	"ENSG00000138684"	"interleukin 21"	789	2	"FALSE"	"FALSE"	"FALSE"	"FALSE"	"FALSE"	"FALSE"	"FALSE"	"FALSE"	"FALSE"	"FALSE"	"TRUE"	"FALSE"	"Secreted"	0	1	23	NA	NA	NA	NA	NA	NA
"IL2RA"	"ENSG00000134460"	"interleukin 2 receptor subunit alpha"	1574	1	"FALSE"	"FALSE"	"FALSE"	"TRUE"	"FALSE"	"FALSE"	"FALSE"	"FALSE"	"FALSE"	"TRUE"	"FALSE"	"FALSE"	"Membrane"	0	8	23	NA	NA	NA	NA	NA	NA
"IL15"	"ENSG00000164136"	"interleukin 15"	1005	1	"FALSE"	"FALSE"	"FALSE"	"FALSE"	"TRUE"	"FALSE"	"FALSE"	"FALSE"	"FALSE"	"FALSE"	"FALSE"	"FALSE"	"[Isoform IL15-S48AA]: Secreted"	0	1	23	NA	NA	NA	NA	NA	NA
"IL9"	"ENSG00000145839"	"interleukin 9"	830	1	"FALSE"	"FALSE"	"FALSE"	"FALSE"	"TRUE"	"FALSE"	"FALSE"	"FALSE"	"FALSE"	"FALSE"	"FALSE"	"FALSE"	"Secreted"	0	1	23	NA	NA	NA	NA	NA	NA
"IL5RA"	"ENSG00000091181"	"interleukin 5 receptor subunit alpha"	323	1	"FALSE"	"FALSE"	"FALSE"	"TRUE"	"FALSE"	"FALSE"	"FALSE"	"FALSE"	"FALSE"	"FALSE"	"FALSE"	"FALSE"	"Membrane"	0	1	23	NA	NA	NA	NA	NA	NA
"IL15RA"	"ENSG00000134470"	"interleukin 15 receptor subunit alpha"	315	1	"FALSE"	"FALSE"	"FALSE"	"FALSE"	"FALSE"	"FALSE"	"FALSE"	"FALSE"	"FALSE"	"FALSE"	"TRUE"	"FALSE"	"Membrane"	0	1	23	NA	NA	NA	NA	NA	NA
"CDK7"	"ENSG00000134058"	"cyclin dependent kinase 7"	260	5	"FALSE"	"TRUE"	"FALSE"	"FALSE"	"FALSE"	"FALSE"	"FALSE"	"FALSE"	"FALSE"	"FALSE"	"FALSE"	"FALSE"	"Nucleus"	1	9	22	NA	NA	NA	NA	NA	NA
"NCBP2"	"ENSG00000114503"	"nuclear cap binding protein subunit 2"	64	3	"FALSE"	"TRUE"	"FALSE"	"FALSE"	"FALSE"	"FALSE"	"FALSE"	"FALSE"	"FALSE"	"FALSE"	"FALSE"	"FALSE"	"Nucleus"	0	1	22	NA	NA	NA	NA	NA	NA
"NCBP1"	"ENSG00000136937"	"nuclear cap binding protein subunit 1"	71	2	"FALSE"	"TRUE"	"FALSE"	"FALSE"	"FALSE"	"FALSE"	"FALSE"	"FALSE"	"FALSE"	"FALSE"	"FALSE"	"FALSE"	"Nucleus"	0	1	22	NA	NA	NA	NA	NA	NA
"POLR2A"	"ENSG00000181222"	"RNA polymerase II subunit A"	251	0	"Unknown"	"Unknown"	"Unknown"	"Unknown"	"Unknown"	"Unknown"	"Unknown"	"Unknown"	"Unknown"	"Unknown"	"Unknown"	"Unknown"	"Nucleus"	1	1	22	NA	NA	NA	NA	NA	NA
"PTPN11"	"ENSG00000179295"	"protein tyrosine phosphatase non-receptor type 11"	1192	4	"FALSE"	"TRUE"	"FALSE"	"FALSE"	"FALSE"	"FALSE"	"FALSE"	"FALSE"	"FALSE"	"FALSE"	"FALSE"	"FALSE"	"Cytoplasm"	1	1	18	NA	NA	NA	NA	NA	NA
"IL22"	"ENSG00000127318"	"interleukin 22"	909	2	"FALSE"	"FALSE"	"FALSE"	"FALSE"	"TRUE"	"FALSE"	"FALSE"	"FALSE"	"FALSE"	"FALSE"	"FALSE"	"FALSE"	"Secreted"	0	1	18	NA	NA	NA	NA	NA	NA
"IL20"	"ENSG00000162891"	"interleukin 20"	247	2	"FALSE"	"FALSE"	"FALSE"	"FALSE"	"TRUE"	"FALSE"	"FALSE"	"FALSE"	"FALSE"	"FALSE"	"FALSE"	"FALSE"	"Secreted"	0	1	18	NA	NA	NA	NA	NA	NA
"IL22RA1"	"ENSG00000142677"	"interleukin 22 receptor subunit alpha 1"	245	2	"FALSE"	"FALSE"	"FALSE"	"FALSE"	"FALSE"	"FALSE"	"FALSE"	"FALSE"	"FALSE"	"FALSE"	"TRUE"	"FALSE"	"Cell membrane"	0	1	18	NA	NA	NA	NA	NA	NA
"IL10RB"	"ENSG00000243646"	"interleukin 10 receptor subunit beta"	397	0	"FALSE"	"FALSE"	"FALSE"	"FALSE"	"FALSE"	"FALSE"	"FALSE"	"FALSE"	"FALSE"	"FALSE"	"TRUE"	"FALSE"	"Membrane"	0	3	18	NA	NA	NA	NA	NA	NA
"IFNLR1"	"ENSG00000185436"	"interferon lambda receptor 1"	137	0	"FALSE"	"FALSE"	"FALSE"	"FALSE"	"FALSE"	"FALSE"	"FALSE"	"FALSE"	"FALSE"	"FALSE"	"TRUE"	"FALSE"	"Membrane"	0	1	18	NA	NA	NA	NA	NA	NA
"DNMT3A"	"ENSG00000119772"	"DNA methyltransferase 3 alpha"	873	4	"TRUE"	"FALSE"	"FALSE"	"FALSE"	"FALSE"	"FALSE"	"FALSE"	"FALSE"	"FALSE"	"FALSE"	"FALSE"	"FALSE"	"Nucleus"	0	2	16	NA	NA	NA	NA	NA	NA
"RPS2"	"ENSG00000140988"	"ribosomal protein S2"	108	3	"TRUE"	"FALSE"	"FALSE"	"FALSE"	"FALSE"	"FALSE"	"FALSE"	"FALSE"	"FALSE"	"FALSE"	"TRUE"	"FALSE"	"Cytoplasm"	0	3	16	NA	NA	NA	NA	NA	NA
"PRMT5"	"ENSG00000100462"	"protein arginine methyltransferase 5"	380	3	"FALSE"	"TRUE"	"FALSE"	"FALSE"	"FALSE"	"FALSE"	"FALSE"	"FALSE"	"FALSE"	"FALSE"	"FALSE"	"FALSE"	"Cytoplasm"	0	1	16	NA	NA	NA	NA	NA	NA
"CCND1"	"ENSG00000110092"	"cyclin D1"	1278	3	"FALSE"	"TRUE"	"FALSE"	"FALSE"	"FALSE"	"FALSE"	"FALSE"	"FALSE"	"FALSE"	"FALSE"	"FALSE"	"FALSE"	"Nucleus"	1	1	16	NA	NA	NA	NA	NA	NA
"GRIA1"	"ENSG00000155511"	"glutamate ionotropic receptor AMPA type subunit 1"	385	4	"TRUE"	"FALSE"	"FALSE"	"FALSE"	"FALSE"	"FALSE"	"FALSE"	"FALSE"	"FALSE"	"FALSE"	"FALSE"	"FALSE"	"Cell membrane"	0	11	13	NA	NA	NA	NA	NA	NA
"CTSC"	"ENSG00000109861"	"cathepsin C"	316	4	"FALSE"	"TRUE"	"FALSE"	"FALSE"	"FALSE"	"FALSE"	"FALSE"	"FALSE"	"FALSE"	"FALSE"	"FALSE"	"FALSE"	"Lysosome"	0	1	13	NA	NA	NA	NA	NA	NA
"F5"	"ENSG00000198734"	"coagulation factor V"	561	2	"FALSE"	"FALSE"	"FALSE"	"FALSE"	"FALSE"	"FALSE"	"FALSE"	"FALSE"	"FALSE"	"TRUE"	"FALSE"	"FALSE"	"Secreted"	1	1	13	NA	NA	NA	NA	NA	NA
"TGFA"	"ENSG00000163235"	"transforming growth factor alpha"	852	1	"FALSE"	"FALSE"	"FALSE"	"FALSE"	"TRUE"	"FALSE"	"FALSE"	"FALSE"	"FALSE"	"FALSE"	"FALSE"	"FALSE"	"[Transforming growth factor alpha]: Secreted"	1	1	13	NA	NA	NA	NA	NA	NA
"RPS27A"	"ENSG00000143947"	"ribosomal protein S27a"	950	3	"TRUE"	"FALSE"	"FALSE"	"FALSE"	"FALSE"	"FALSE"	"FALSE"	"FALSE"	"FALSE"	"FALSE"	"TRUE"	"FALSE"	"[Small ribosomal subunit protein eS31]: Cytoplasm"	0	3	12	NA	NA	NA	NA	NA	NA
"POLR1A"	"ENSG00000068654"	"RNA polymerase I subunit A"	60	3	"FALSE"	"TRUE"	"FALSE"	"FALSE"	"FALSE"	"FALSE"	"FALSE"	"FALSE"	"FALSE"	"FALSE"	"FALSE"	"FALSE"	"Nucleus"	0	1	12	NA	NA	NA	NA	NA	NA
"PTGER3"	"ENSG00000050628"	"prostaglandin E receptor 3"	336	5	"TRUE"	"FALSE"	"FALSE"	"FALSE"	"FALSE"	"FALSE"	"FALSE"	"FALSE"	"FALSE"	"FALSE"	"FALSE"	"FALSE"	"Cell membrane"	1	2	11	NA	NA	NA	NA	NA	NA
"PTGER4"	"ENSG00000171522"	"prostaglandin E receptor 4"	485	4	"TRUE"	"FALSE"	"FALSE"	"FALSE"	"FALSE"	"FALSE"	"FALSE"	"FALSE"	"FALSE"	"FALSE"	"FALSE"	"FALSE"	"Cell membrane"	0	4	11	NA	NA	NA	NA	NA	NA
"CYSLTR1"	"ENSG00000173198"	"cysteinyl leukotriene receptor 1"	260	4	"TRUE"	"FALSE"	"FALSE"	"FALSE"	"FALSE"	"FALSE"	"FALSE"	"FALSE"	"FALSE"	"FALSE"	"FALSE"	"FALSE"	"Cell membrane"	0	4	11	NA	NA	NA	NA	NA	NA
"PTGDR"	"ENSG00000168229"	"prostaglandin D2 receptor"	447	4	"TRUE"	"FALSE"	"FALSE"	"FALSE"	"FALSE"	"FALSE"	"FALSE"	"FALSE"	"FALSE"	"FALSE"	"FALSE"	"FALSE"	"Cell membrane"	0	3	11	NA	NA	NA	NA	NA	NA
"LTB4R"	"ENSG00000213903"	"leukotriene B4 receptor"	308	4	"FALSE"	"TRUE"	"FALSE"	"FALSE"	"FALSE"	"FALSE"	"FALSE"	"FALSE"	"FALSE"	"FALSE"	"TRUE"	"FALSE"	"Cell membrane"	1	4	11	NA	NA	NA	NA	NA	NA
"TBXA2R"	"ENSG00000006638"	"thromboxane A2 receptor"	253	4	"TRUE"	"FALSE"	"FALSE"	"FALSE"	"FALSE"	"FALSE"	"FALSE"	"FALSE"	"FALSE"	"FALSE"	"FALSE"	"FALSE"	"Cell membrane"	1	3	11	NA	NA	NA	NA	NA	NA
"PTGER1"	"ENSG00000160951"	"prostaglandin E receptor 1"	319	3	"TRUE"	"FALSE"	"FALSE"	"FALSE"	"FALSE"	"FALSE"	"FALSE"	"FALSE"	"FALSE"	"FALSE"	"FALSE"	"FALSE"	"Cell membrane"	0	3	11	NA	NA	NA	NA	NA	NA
"LTB4R2"	"ENSG00000213906"	"leukotriene B4 receptor 2"	109	3	"FALSE"	"TRUE"	"FALSE"	"FALSE"	"FALSE"	"FALSE"	"FALSE"	"FALSE"	"FALSE"	"FALSE"	"TRUE"	"FALSE"	"Cell membrane"	0	2	11	NA	NA	NA	NA	NA	NA
"KDM1A"	"ENSG00000004487"	"lysine demethylase 1A"	587	5	"FALSE"	"TRUE"	"FALSE"	"FALSE"	"FALSE"	"FALSE"	"FALSE"	"FALSE"	"FALSE"	"FALSE"	"FALSE"	"FALSE"	"Nucleus"	0	1	10	NA	NA	NA	NA	NA	NA
"KMT2A"	"ENSG00000118058"	"lysine methyltransferase 2A"	1003	4	"FALSE"	"FALSE"	"TRUE"	"FALSE"	"FALSE"	"FALSE"	"FALSE"	"FALSE"	"FALSE"	"FALSE"	"FALSE"	"FALSE"	"Nucleus"	0	2	10	NA	NA	NA	NA	NA	NA
"CREBBP"	"ENSG00000005339"	"CREB binding protein"	1173	4	"FALSE"	"FALSE"	"FALSE"	"FALSE"	"FALSE"	"FALSE"	"FALSE"	"FALSE"	"FALSE"	"FALSE"	"TRUE"	"FALSE"	"Cytoplasm"	0	1	10	NA	NA	NA	NA	NA	NA
"EZH2"	"ENSG00000106462"	"enhancer of zeste 2 polycomb repressive complex 2 subunit"	1057	3	"TRUE"	"FALSE"	"FALSE"	"FALSE"	"FALSE"	"FALSE"	"FALSE"	"FALSE"	"FALSE"	"FALSE"	"FALSE"	"FALSE"	"Nucleus"	0	3	10	NA	NA	NA	NA	NA	NA
"NFKB2"	"ENSG00000077150"	"nuclear factor kappa B subunit 2"	858	3	"FALSE"	"TRUE"	"FALSE"	"FALSE"	"FALSE"	"FALSE"	"FALSE"	"FALSE"	"FALSE"	"FALSE"	"FALSE"	"FALSE"	"Nucleus"	0	1	10	NA	NA	NA	NA	NA	NA
"TNKS"	"ENSG00000173273"	"tankyrase"	425	5	"FALSE"	"TRUE"	"FALSE"	"FALSE"	"FALSE"	"FALSE"	"FALSE"	"FALSE"	"FALSE"	"FALSE"	"FALSE"	"FALSE"	"Cytoplasm"	0	1	9	NA	NA	NA	NA	NA	NA
"PROC"	"ENSG00000115718"	"protein C, inactivator of coagulation factors Va and VIIIa"	311	5	"FALSE"	"FALSE"	"FALSE"	"FALSE"	"FALSE"	"FALSE"	"FALSE"	"FALSE"	"FALSE"	"TRUE"	"FALSE"	"FALSE"	"Secreted"	0	1	9	NA	NA	NA	NA	NA	NA
"TNKS2"	"ENSG00000107854"	"tankyrase 2"	125	5	"FALSE"	"TRUE"	"FALSE"	"FALSE"	"FALSE"	"FALSE"	"FALSE"	"FALSE"	"FALSE"	"FALSE"	"FALSE"	"FALSE"	"Cytoplasm"	0	1	9	NA	NA	NA	NA	NA	NA
"PORCN"	"ENSG00000102312"	"porcupine O-acyltransferase"	300	4	"FALSE"	"TRUE"	"FALSE"	"FALSE"	"FALSE"	"FALSE"	"FALSE"	"FALSE"	"FALSE"	"FALSE"	"FALSE"	"FALSE"	"Endoplasmic reticulum membrane"	0	1	9	NA	NA	NA	NA	NA	NA
"CTNNB1"	"ENSG00000168036"	"catenin beta 1"	1344	4	"FALSE"	"FALSE"	"FALSE"	"FALSE"	"FALSE"	"FALSE"	"FALSE"	"FALSE"	"FALSE"	"FALSE"	"TRUE"	"FALSE"	"Cytoplasm"	1	1	9	NA	NA	NA	NA	NA	NA
"PPP2CA"	"ENSG00000113575"	"protein phosphatase 2 catalytic subunit alpha"	230	3	"FALSE"	"TRUE"	"FALSE"	"FALSE"	"FALSE"	"FALSE"	"FALSE"	"FALSE"	"FALSE"	"FALSE"	"FALSE"	"FALSE"	"Cytoplasm"	1	1	9	NA	NA	NA	NA	NA	NA
"DKK1"	"ENSG00000107984"	"dickkopf WNT signaling pathway inhibitor 1"	739	2	"FALSE"	"FALSE"	"FALSE"	"FALSE"	"TRUE"	"FALSE"	"FALSE"	"FALSE"	"FALSE"	"FALSE"	"TRUE"	"FALSE"	"Secreted"	0	2	9	NA	NA	NA	NA	NA	NA
"FZD8"	"ENSG00000177283"	"frizzled class receptor 8"	125	1	"FALSE"	"FALSE"	"FALSE"	"FALSE"	"TRUE"	"FALSE"	"FALSE"	"FALSE"	"FALSE"	"FALSE"	"TRUE"	"FALSE"	"Membrane"	0	2	9	NA	NA	NA	NA	NA	NA
"PPP2CB"	"ENSG00000104695"	"protein phosphatase 2 catalytic subunit beta"	90	1	"FALSE"	"TRUE"	"FALSE"	"FALSE"	"FALSE"	"FALSE"	"FALSE"	"FALSE"	"FALSE"	"FALSE"	"FALSE"	"FALSE"	"Cytoplasm"	0	1	9	NA	NA	NA	NA	NA	NA
"PSMB5"	"ENSG00000100804"	"proteasome 20S subunit beta 5"	460	4	"TRUE"	"FALSE"	"FALSE"	"FALSE"	"FALSE"	"FALSE"	"FALSE"	"FALSE"	"FALSE"	"TRUE"	"FALSE"	"FALSE"	"Cytoplasm"	0	6	8	NA	NA	NA	NA	NA	NA
"PSMA6"	"ENSG00000100902"	"proteasome 20S subunit alpha 6"	650	4	"TRUE"	"FALSE"	"FALSE"	"FALSE"	"FALSE"	"FALSE"	"FALSE"	"FALSE"	"FALSE"	"FALSE"	"FALSE"	"FALSE"	"Cytoplasm"	0	2	8	NA	NA	NA	NA	NA	NA
"PSMB6"	"ENSG00000142507"	"proteasome 20S subunit beta 6"	463	4	"TRUE"	"FALSE"	"FALSE"	"FALSE"	"FALSE"	"FALSE"	"FALSE"	"FALSE"	"FALSE"	"FALSE"	"FALSE"	"FALSE"	"Cytoplasm"	0	2	8	NA	NA	NA	NA	NA	NA
"PSMA2"	"ENSG00000106588"	"proteasome 20S subunit alpha 2"	375	4	"TRUE"	"FALSE"	"FALSE"	"FALSE"	"FALSE"	"FALSE"	"FALSE"	"FALSE"	"FALSE"	"FALSE"	"FALSE"	"FALSE"	"Cytoplasm"	0	2	8	NA	NA	NA	NA	NA	NA
"PSMB8"	"ENSG00000204264"	"proteasome 20S subunit beta 8"	362	4	"TRUE"	"FALSE"	"FALSE"	"FALSE"	"FALSE"	"FALSE"	"FALSE"	"FALSE"	"FALSE"	"FALSE"	"FALSE"	"FALSE"	"Cytoplasm"	0	2	8	NA	NA	NA	NA	NA	NA
"PSMB9"	"ENSG00000240065"	"proteasome 20S subunit beta 9"	348	4	"TRUE"	"FALSE"	"FALSE"	"FALSE"	"FALSE"	"FALSE"	"FALSE"	"FALSE"	"FALSE"	"FALSE"	"FALSE"	"FALSE"	"Cytoplasm"	0	2	8	NA	NA	NA	NA	NA	NA
"PSMB10"	"ENSG00000205220"	"proteasome 20S subunit beta 10"	327	4	"TRUE"	"FALSE"	"FALSE"	"FALSE"	"FALSE"	"FALSE"	"FALSE"	"FALSE"	"FALSE"	"FALSE"	"FALSE"	"FALSE"	"Cytoplasm"	0	2	8	NA	NA	NA	NA	NA	NA
"PSMB7"	"ENSG00000136930"	"proteasome 20S subunit beta 7"	286	4	"TRUE"	"FALSE"	"FALSE"	"FALSE"	"FALSE"	"FALSE"	"FALSE"	"FALSE"	"FALSE"	"FALSE"	"FALSE"	"FALSE"	"Cytoplasm"	0	2	8	NA	NA	NA	NA	NA	NA
"PSMA7"	"ENSG00000101182"	"proteasome 20S subunit alpha 7"	271	4	"TRUE"	"FALSE"	"FALSE"	"FALSE"	"FALSE"	"FALSE"	"FALSE"	"FALSE"	"FALSE"	"FALSE"	"FALSE"	"FALSE"	"Cytoplasm"	0	2	8	NA	NA	NA	NA	NA	NA
"PSMA4"	"ENSG00000041357"	"proteasome 20S subunit alpha 4"	207	4	"TRUE"	"FALSE"	"FALSE"	"FALSE"	"FALSE"	"FALSE"	"FALSE"	"FALSE"	"FALSE"	"FALSE"	"FALSE"	"FALSE"	"Cytoplasm"	0	2	8	NA	NA	NA	NA	NA	NA
"PSMA5"	"ENSG00000143106"	"proteasome 20S subunit alpha 5"	178	4	"TRUE"	"FALSE"	"FALSE"	"FALSE"	"FALSE"	"FALSE"	"FALSE"	"FALSE"	"FALSE"	"FALSE"	"FALSE"	"FALSE"	"Cytoplasm"	0	2	8	NA	NA	NA	NA	NA	NA
"PSMA1"	"ENSG00000129084"	"proteasome 20S subunit alpha 1"	170	4	"TRUE"	"FALSE"	"FALSE"	"FALSE"	"FALSE"	"FALSE"	"FALSE"	"FALSE"	"FALSE"	"FALSE"	"FALSE"	"FALSE"	"Cytoplasm"	0	2	8	NA	NA	NA	NA	NA	NA
"PSMA3"	"ENSG00000100567"	"proteasome 20S subunit alpha 3"	158	4	"TRUE"	"FALSE"	"FALSE"	"FALSE"	"FALSE"	"FALSE"	"FALSE"	"FALSE"	"FALSE"	"FALSE"	"FALSE"	"FALSE"	"Cytoplasm"	0	2	8	NA	NA	NA	NA	NA	NA
"PSMB3"	"ENSG00000277791"	"proteasome 20S subunit beta 3"	136	4	"TRUE"	"FALSE"	"FALSE"	"FALSE"	"FALSE"	"FALSE"	"FALSE"	"FALSE"	"FALSE"	"FALSE"	"FALSE"	"FALSE"	"Cytoplasm"	0	2	8	NA	NA	NA	NA	NA	NA
"PSMB1"	"ENSG00000008018"	"proteasome 20S subunit beta 1"	111	4	"TRUE"	"FALSE"	"FALSE"	"FALSE"	"FALSE"	"FALSE"	"FALSE"	"FALSE"	"FALSE"	"FALSE"	"FALSE"	"FALSE"	"Cytoplasm"	0	2	8	NA	NA	NA	NA	NA	NA
"PSMB2"	"ENSG00000126067"	"proteasome 20S subunit beta 2"	109	4	"TRUE"	"FALSE"	"FALSE"	"FALSE"	"FALSE"	"FALSE"	"FALSE"	"FALSE"	"FALSE"	"FALSE"	"FALSE"	"FALSE"	"Cytoplasm"	0	2	8	NA	NA	NA	NA	NA	NA
"PSMB4"	"ENSG00000159377"	"proteasome 20S subunit beta 4"	108	4	"TRUE"	"FALSE"	"FALSE"	"FALSE"	"FALSE"	"FALSE"	"FALSE"	"FALSE"	"FALSE"	"FALSE"	"FALSE"	"FALSE"	"Cytoplasm"	0	2	8	NA	NA	NA	NA	NA	NA
"PSMD14"	"ENSG00000115233"	"proteasome 26S subunit, non-ATPase 14"	147	4	"TRUE"	"FALSE"	"FALSE"	"FALSE"	"FALSE"	"FALSE"	"FALSE"	"FALSE"	"FALSE"	"FALSE"	"FALSE"	"FALSE"	"Nucleoplasm"	0	1	8	NA	NA	NA	NA	NA	NA
"CSNK1E"	"ENSG00000213923"	"casein kinase 1 epsilon"	139	4	"TRUE"	"FALSE"	"FALSE"	"FALSE"	"FALSE"	"FALSE"	"FALSE"	"FALSE"	"FALSE"	"FALSE"	"FALSE"	"FALSE"	"Cytoplasm"	1	2	8	NA	NA	NA	NA	NA	NA
"XPO1"	"ENSG00000082898"	"exportin 1"	459	4	"TRUE"	"FALSE"	"FALSE"	"FALSE"	"FALSE"	"FALSE"	"FALSE"	"FALSE"	"FALSE"	"FALSE"	"FALSE"	"FALSE"	"Cytoplasm"	1	1	8	NA	NA	NA	NA	NA	NA
"SOST"	"ENSG00000167941"	"sclerostin"	660	3	"FALSE"	"FALSE"	"FALSE"	"TRUE"	"FALSE"	"FALSE"	"FALSE"	"FALSE"	"FALSE"	"FALSE"	"FALSE"	"FALSE"	"Secreted"	0	4	8	NA	NA	NA	NA	NA	NA
"MEN1"	"ENSG00000133895"	"menin 1"	786	3	"FALSE"	"FALSE"	"TRUE"	"FALSE"	"FALSE"	"FALSE"	"FALSE"	"FALSE"	"FALSE"	"FALSE"	"FALSE"	"FALSE"	"Nucleus"	0	2	8	NA	NA	NA	NA	NA	NA
"PSMA8"	"ENSG00000154611"	"proteasome 20S subunit alpha 8"	211	3	"TRUE"	"FALSE"	"FALSE"	"FALSE"	"FALSE"	"FALSE"	"FALSE"	"FALSE"	"FALSE"	"FALSE"	"FALSE"	"FALSE"	"Nucleus"	0	2	8	NA	NA	NA	NA	NA	NA
"PSMB11"	"ENSG00000222028"	"proteasome subunit beta 11"	110	3	"TRUE"	"FALSE"	"FALSE"	"FALSE"	"FALSE"	"FALSE"	"FALSE"	"FALSE"	"FALSE"	"FALSE"	"FALSE"	"FALSE"	"Cytoplasm"	0	2	8	NA	NA	NA	NA	NA	NA
"LGR4"	"ENSG00000205213"	"leucine rich repeat containing G protein-coupled receptor 4"	749	3	"FALSE"	"FALSE"	"FALSE"	"FALSE"	"TRUE"	"FALSE"	"FALSE"	"FALSE"	"FALSE"	"FALSE"	"FALSE"	"FALSE"	"Cell membrane"	0	1	8	NA	NA	NA	NA	NA	NA
"PSMD7"	"ENSG00000103035"	"proteasome 26S subunit, non-ATPase 7"	496	3	"TRUE"	"FALSE"	"FALSE"	"FALSE"	"FALSE"	"FALSE"	"FALSE"	"FALSE"	"FALSE"	"FALSE"	"FALSE"	"FALSE"	"Acrosome"	0	1	8	NA	NA	NA	NA	NA	NA
"PSMC4"	"ENSG00000013275"	"proteasome 26S subunit, ATPase 4"	268	3	"TRUE"	"FALSE"	"FALSE"	"FALSE"	"FALSE"	"FALSE"	"FALSE"	"FALSE"	"FALSE"	"FALSE"	"FALSE"	"FALSE"	"Cytoplasm"	0	1	8	NA	NA	NA	NA	NA	NA
"PSMD12"	"ENSG00000197170"	"proteasome 26S subunit, non-ATPase 12"	267	3	"TRUE"	"FALSE"	"FALSE"	"FALSE"	"FALSE"	"FALSE"	"FALSE"	"FALSE"	"FALSE"	"FALSE"	"FALSE"	"FALSE"	"Microtubules"	0	1	8	NA	NA	NA	NA	NA	NA
"PSMD2"	"ENSG00000175166"	"proteasome 26S subunit ubiquitin receptor, non-ATPase 2"	233	3	"TRUE"	"FALSE"	"FALSE"	"FALSE"	"FALSE"	"FALSE"	"FALSE"	"FALSE"	"FALSE"	"FALSE"	"FALSE"	"FALSE"	"Centriolar satellite"	0	1	8	NA	NA	NA	NA	NA	NA
"PSMC6"	"ENSG00000100519"	"proteasome 26S subunit, ATPase 6"	211	3	"TRUE"	"FALSE"	"FALSE"	"FALSE"	"FALSE"	"FALSE"	"FALSE"	"FALSE"	"FALSE"	"FALSE"	"FALSE"	"FALSE"	"Cytoplasm"	0	1	8	NA	NA	NA	NA	NA	NA
"PSMD4"	"ENSG00000159352"	"proteasome 26S subunit ubiquitin receptor, non-ATPase 4"	203	3	"TRUE"	"FALSE"	"FALSE"	"FALSE"	"FALSE"	"FALSE"	"FALSE"	"FALSE"	"FALSE"	"FALSE"	"FALSE"	"FALSE"	"Nucleoplasm"	0	1	8	NA	NA	NA	NA	NA	NA
"PSMD3"	"ENSG00000108344"	"proteasome 26S subunit, non-ATPase 3"	183	3	"TRUE"	"FALSE"	"FALSE"	"FALSE"	"FALSE"	"FALSE"	"FALSE"	"FALSE"	"FALSE"	"FALSE"	"FALSE"	"FALSE"	"Nucleoplasm"	0	1	8	NA	NA	NA	NA	NA	NA
"PSMC3"	"ENSG00000165916"	"proteasome 26S subunit, ATPase 3"	170	3	"TRUE"	"FALSE"	"FALSE"	"FALSE"	"FALSE"	"FALSE"	"FALSE"	"FALSE"	"FALSE"	"FALSE"	"FALSE"	"FALSE"	"Cytoplasm"	0	1	8	NA	NA	NA	NA	NA	NA
"PSMC5"	"ENSG00000087191"	"proteasome 26S subunit, ATPase 5"	159	3	"TRUE"	"FALSE"	"FALSE"	"FALSE"	"FALSE"	"FALSE"	"FALSE"	"FALSE"	"FALSE"	"FALSE"	"FALSE"	"FALSE"	"Cytoplasm"	0	1	8	NA	NA	NA	NA	NA	NA
"PSMC2"	"ENSG00000161057"	"proteasome 26S subunit, ATPase 2"	132	3	"TRUE"	"FALSE"	"FALSE"	"FALSE"	"FALSE"	"FALSE"	"FALSE"	"FALSE"	"FALSE"	"FALSE"	"FALSE"	"FALSE"	"Cytoplasm"	0	1	8	NA	NA	NA	NA	NA	NA
"SEM1"	"ENSG00000127922"	"SEM1 26S proteasome subunit"	109	3	"TRUE"	"FALSE"	"FALSE"	"FALSE"	"FALSE"	"FALSE"	"FALSE"	"FALSE"	"FALSE"	"FALSE"	"FALSE"	"FALSE"	"Nucleus"	0	1	8	NA	NA	NA	NA	NA	NA
"PSMC1"	"ENSG00000100764"	"proteasome 26S subunit, ATPase 1"	105	3	"TRUE"	"FALSE"	"FALSE"	"FALSE"	"FALSE"	"FALSE"	"FALSE"	"FALSE"	"FALSE"	"FALSE"	"FALSE"	"FALSE"	"Cytoplasm"	0	1	8	NA	NA	NA	NA	NA	NA
"PSMD13"	"ENSG00000185627"	"proteasome 26S subunit, non-ATPase 13"	102	3	"TRUE"	"FALSE"	"FALSE"	"FALSE"	"FALSE"	"FALSE"	"FALSE"	"FALSE"	"FALSE"	"FALSE"	"FALSE"	"FALSE"	"Nuclear speckles"	0	1	8	NA	NA	NA	NA	NA	NA
"PSMD8"	"ENSG00000099341"	"proteasome 26S subunit, non-ATPase 8"	82	3	"TRUE"	"FALSE"	"FALSE"	"FALSE"	"FALSE"	"FALSE"	"FALSE"	"FALSE"	"FALSE"	"FALSE"	"FALSE"	"FALSE"	"Cytosol"	0	1	8	NA	NA	NA	NA	NA	NA
"PSMD6"	"ENSG00000163636"	"proteasome 26S subunit, non-ATPase 6"	68	3	"TRUE"	"FALSE"	"FALSE"	"FALSE"	"FALSE"	"FALSE"	"FALSE"	"FALSE"	"FALSE"	"FALSE"	"FALSE"	"FALSE"	"No data"	0	1	8	NA	NA	NA	NA	NA	NA
"PSMD11"	"ENSG00000108671"	"proteasome 26S subunit, non-ATPase 11"	67	3	"TRUE"	"FALSE"	"FALSE"	"FALSE"	"FALSE"	"FALSE"	"FALSE"	"FALSE"	"FALSE"	"FALSE"	"FALSE"	"FALSE"	"Nucleus"	0	1	8	NA	NA	NA	NA	NA	NA
"RBX1"	"ENSG00000100387"	"ring-box 1"	295	3	"TRUE"	"FALSE"	"FALSE"	"FALSE"	"FALSE"	"FALSE"	"FALSE"	"FALSE"	"FALSE"	"FALSE"	"FALSE"	"FALSE"	"Cytoplasm"	1	4	8	NA	NA	NA	NA	NA	NA
"TERT"	"ENSG00000164362"	"telomerase reverse transcriptase"	1050	2	"FALSE"	"FALSE"	"FALSE"	"FALSE"	"FALSE"	"FALSE"	"FALSE"	"FALSE"	"FALSE"	"FALSE"	"TRUE"	"FALSE"	"Nucleus"	0	2	8	NA	NA	NA	NA	NA	NA
"FZD1"	"ENSG00000157240"	"frizzled class receptor 1"	281	2	"FALSE"	"FALSE"	"FALSE"	"FALSE"	"TRUE"	"FALSE"	"FALSE"	"FALSE"	"FALSE"	"FALSE"	"FALSE"	"FALSE"	"Cell membrane"	0	1	8	NA	NA	NA	NA	NA	NA
"FZD2"	"ENSG00000180340"	"frizzled class receptor 2"	178	2	"FALSE"	"FALSE"	"FALSE"	"FALSE"	"TRUE"	"FALSE"	"FALSE"	"FALSE"	"FALSE"	"FALSE"	"FALSE"	"FALSE"	"Membrane"	0	1	8	NA	NA	NA	NA	NA	NA
"RSPO3"	"ENSG00000146374"	"R-spondin 3"	513	1	"FALSE"	"FALSE"	"FALSE"	"FALSE"	"TRUE"	"FALSE"	"FALSE"	"FALSE"	"FALSE"	"FALSE"	"FALSE"	"FALSE"	"Secreted"	0	1	8	NA	NA	NA	NA	NA	NA
"ITGB1"	"ENSG00000150093"	"integrin subunit beta 1"	582	5	"FALSE"	"TRUE"	"FALSE"	"FALSE"	"TRUE"	"FALSE"	"FALSE"	"FALSE"	"FALSE"	"FALSE"	"TRUE"	"FALSE"	"Cell membrane"	0	3	5	NA	NA	NA	NA	NA	NA
"ITGA5"	"ENSG00000161638"	"integrin subunit alpha 5"	267	4	"FALSE"	"FALSE"	"FALSE"	"FALSE"	"TRUE"	"FALSE"	"FALSE"	"FALSE"	"FALSE"	"FALSE"	"TRUE"	"FALSE"	"Cell membrane"	0	3	5	NA	NA	NA	NA	NA	NA
"FGF23"	"ENSG00000118972"	"fibroblast growth factor 23"	833	4	"FALSE"	"FALSE"	"FALSE"	"TRUE"	"FALSE"	"FALSE"	"FALSE"	"FALSE"	"FALSE"	"FALSE"	"FALSE"	"FALSE"	"Secreted"	0	1	4	NA	NA	NA	NA	NA	NA
"PPIA"	"ENSG00000196262"	"peptidylprolyl isomerase A"	670	5	"FALSE"	"FALSE"	"FALSE"	"FALSE"	"FALSE"	"FALSE"	"FALSE"	"FALSE"	"FALSE"	"TRUE"	"FALSE"	"FALSE"	"Cytoplasm"	0	3	1	NA	NA	NA	NA	NA	NA
"TSG101"	"ENSG00000074319"	"tumor susceptibility 101"	210	4	"FALSE"	"FALSE"	"FALSE"	"FALSE"	"FALSE"	"TRUE"	"FALSE"	"FALSE"	"FALSE"	"FALSE"	"FALSE"	"FALSE"	"Cytoplasm"	0	1	1	NA	NA	NA	NA	NA	NA
